Date,Mean Area-Weighted Radiance
2013-02-15 00:00:00,20.14073993
2013-02-16 00:00:00,20.14073993
2013-02-17 00:00:00,16.43049569
2013-02-18 00:00:00,20.04807805
2013-02-19 00:00:00,17.93343417
2013-02-20 00:00:00,17.21792319
2013-02-21 00:00:00,18.45970411
2013-02-22 00:00:00,19.60361649
2013-02-23 00:00:00,17.40137296
2013-02-24 00:00:00,20.10960205
2013-02-25 00:00:00,17.80113361
2013-02-26 00:00:00,16.94760974
2013-02-27 00:00:00,17.12946876
2013-02-28 00:00:00,20.37462258
2013-03-01 00:00:00,23.31666326
2013-03-02 00:00:00,19.4531761
2013-03-03 00:00:00,17.27378282
2013-03-04 00:00:00,16.74194248
2013-03-05 00:00:00,17.97674402
2013-03-06 00:00:00,21.00997139
2013-03-07 00:00:00,19.07898024
2013-03-08 00:00:00,15.78464057
2013-03-09 00:00:00,14.23535843
2013-03-10 00:00:00,15.63914418
2013-03-11 00:00:00,15.59386732
2013-03-12 00:00:00,19.99233261
2013-03-13 00:00:00,17.29736557
2013-03-14 00:00:00,16.5442742
2013-03-15 00:00:00,16.79166769
2013-03-16 00:00:00,18.41116969
2013-03-17 00:00:00,22.12937306
2013-03-18 00:00:00,17.92638317
2013-03-19 00:00:00,16.75523612
2013-03-20 00:00:00,14.24881074
2013-03-21 00:00:00,17.03317595
2013-03-22 00:00:00,18.76125557
2013-03-23 00:00:00,18.76435696
2013-03-24 00:00:00,16.91232525
2013-03-25 00:00:00,16.68386204
2013-03-26 00:00:00,17.5050813
2013-03-27 00:00:00,18.11592884
2013-03-28 00:00:00,16.54037965
2013-03-29 00:00:00,16.43780473
2013-03-30 00:00:00,16.56250472
2013-03-31 00:00:00,17.08913224
2013-04-01 00:00:00,18.14891646
2013-04-02 00:00:00,18.45955969
2013-04-03 00:00:00,17.31661301
2013-04-04 00:00:00,15.70830169
2013-04-05 00:00:00,15.88798285
2013-04-06 00:00:00,18.64609371
2013-04-07 00:00:00,20.49040218
2013-04-08 00:00:00,19.19851901
2013-04-09 00:00:00,18.82869775
2013-04-10 00:00:00,15.54007521
2013-04-11 00:00:00,16.249327
2013-04-12 00:00:00,17.1058968
2013-04-13 00:00:00,18.29676228
2013-04-14 00:00:00,15.75812241
2013-04-15 00:00:00,14.74751173
2013-04-16 00:00:00,14.91796575
2013-04-17 00:00:00,17.80993904
2013-04-18 00:00:00,17.25827877
2013-04-19 00:00:00,16.12611531
2013-04-20 00:00:00,17.75934884
2013-04-21 00:00:00,15.7868348
2013-04-22 00:00:00,15.93892871
2013-04-23 00:00:00,15.99826926
2013-04-24 00:00:00,14.77961453
2013-04-25 00:00:00,14.55759518
2013-04-26 00:00:00,15.13677703
2013-04-27 00:00:00,15.96505923
2013-04-28 00:00:00,17.63803176
2013-04-29 00:00:00,18.42035562
2013-04-30 00:00:00,16.71962659
2013-05-01 00:00:00,16.25019545
2013-05-02 00:00:00,16.13891696
2013-05-03 00:00:00,16.91518209
2013-05-04 00:00:00,18.0730586
2013-05-05 00:00:00,15.15884298
2013-05-06 00:00:00,12.61849413
2013-05-07 00:00:00,12.86364295
2013-05-08 00:00:00,13.74045206
2013-05-09 00:00:00,13.83241706
2013-05-10 00:00:00,14.59148033
2013-05-11 00:00:00,17.09798138
2013-05-12 00:00:00,14.23880219
2013-05-13 00:00:00,14.60066511
2013-05-14 00:00:00,14.41374943
2013-05-15 00:00:00,14.69341518
2013-05-16 00:00:00,13.59477004
2013-05-17 00:00:00,13.22864633
2013-05-18 00:00:00,13.59500227
2013-05-19 00:00:00,14.07059632
2013-05-20 00:00:00,16.77545887
2013-05-21 00:00:00,14.17488581
2013-05-22 00:00:00,13.51347773
2013-05-23 00:00:00,13.11563268
2013-05-24 00:00:00,13.25808852
2013-05-25 00:00:00,15.44207804
2013-05-26 00:00:00,15.44055007
2013-05-27 00:00:00,12.84755929
2013-05-28 00:00:00,12.67289454
2013-05-29 00:00:00,16.20244899
2013-05-30 00:00:00,15.00812126
2013-05-31 00:00:00,15.12854871
2013-06-01 00:00:00,15.23970011
2013-06-02 00:00:00,14.8511259
2013-06-03 00:00:00,12.85076042
2013-06-04 00:00:00,13.20753568
2013-06-05 00:00:00,15.7587777
2013-06-06 00:00:00,15.85236003
2013-06-07 00:00:00,12.36121225
2013-06-08 00:00:00,14.63701658
2013-06-09 00:00:00,13.98832118
2013-06-10 00:00:00,15.61982993
2013-06-11 00:00:00,15.61982993
2013-06-12 00:00:00,11.57518293
2013-06-13 00:00:00,15.3282772
2013-06-14 00:00:00,15.3282772
2013-06-15 00:00:00,15.23842651
2013-06-16 00:00:00,2.487607353
2013-06-17 00:00:00,9.520215822
2013-06-18 00:00:00,12.42616268
2013-06-19 00:00:00,11.83177333
2013-06-20 00:00:00,12.85532778
2013-06-21 00:00:00,10.45073655
2013-06-22 00:00:00,10.45073655
2013-06-23 00:00:00,10.45073655
2013-06-24 00:00:00,10.45073655
2013-06-25 00:00:00,10.46614008
2013-06-26 00:00:00,10.74408703
2013-06-27 00:00:00,10.45073655
2013-06-28 00:00:00,10.45074271
2013-06-29 00:00:00,10.45073655
2013-06-30 00:00:00,10.45610996
2013-07-01 00:00:00,10.77119596
2013-07-02 00:00:00,10.45073655
2013-07-03 00:00:00,10.45413486
2013-07-04 00:00:00,11.03602084
2013-07-05 00:00:00,10.83353026
2013-07-06 00:00:00,10.83636687
2013-07-07 00:00:00,10.84130029
2013-07-08 00:00:00,10.868394
2013-07-09 00:00:00,10.83861079
2013-07-10 00:00:00,10.75847576
2013-07-11 00:00:00,10.84564408
2013-07-12 00:00:00,14.44318007
2013-07-13 00:00:00,13.13919271
2013-07-14 00:00:00,12.51091493
2013-07-15 00:00:00,12.87985369
2013-07-16 00:00:00,12.88378733
2013-07-17 00:00:00,11.20904998
2013-07-18 00:00:00,12.61271134
2013-07-19 00:00:00,12.86840305
2013-07-20 00:00:00,12.84991874
2013-07-21 00:00:00,12.52983578
2013-07-22 00:00:00,12.86817506
2013-07-23 00:00:00,12.21072449
2013-07-24 00:00:00,12.35927547
2013-07-25 00:00:00,12.70505838
2013-07-26 00:00:00,12.86840305
2013-07-27 00:00:00,12.29367091
2013-07-28 00:00:00,12.86782113
2013-07-29 00:00:00,12.23929303
2013-07-30 00:00:00,12.74345967
2013-07-31 00:00:00,12.46861603
2013-08-01 00:00:00,12.85625977
2013-08-02 00:00:00,14.77870333
2013-08-03 00:00:00,14.09206398
2013-08-04 00:00:00,13.00017947
2013-08-05 00:00:00,13.98425159
2013-08-06 00:00:00,13.98425159
2013-08-07 00:00:00,13.98425159
2013-08-08 00:00:00,13.98425159
2013-08-09 00:00:00,13.98425159
2013-08-10 00:00:00,13.98294372
2013-08-11 00:00:00,12.37524475
2013-08-12 00:00:00,13.31866397
2013-08-13 00:00:00,13.90600193
2013-08-14 00:00:00,13.89754311
2013-08-15 00:00:00,13.90646947
2013-08-16 00:00:00,13.90646947
2013-08-17 00:00:00,12.29704823
2013-08-18 00:00:00,13.90646947
2013-08-19 00:00:00,13.90646947
2013-08-20 00:00:00,13.90646947
2013-08-21 00:00:00,13.90646947
2013-08-22 00:00:00,11.93197533
2013-08-23 00:00:00,13.12874647
2013-08-24 00:00:00,12.09237227
2013-08-25 00:00:00,11.99305163
2013-08-26 00:00:00,13.90439058
2013-08-27 00:00:00,13.90646947
2013-08-28 00:00:00,14.09890298
2013-08-29 00:00:00,12.7055706
2013-08-30 00:00:00,13.90635779
2013-08-31 00:00:00,13.8770914
2013-09-01 00:00:00,12.21921874
2013-09-02 00:00:00,13.19287062
2013-09-03 00:00:00,15.88960652
2013-09-04 00:00:00,17.06571702
2013-09-05 00:00:00,14.1297759
2013-09-06 00:00:00,12.86654349
2013-09-07 00:00:00,13.85303977
2013-09-08 00:00:00,14.40746443
2013-09-09 00:00:00,16.83475071
2013-09-10 00:00:00,14.21801735
2013-09-11 00:00:00,12.97946106
2013-09-12 00:00:00,12.87790382
2013-09-13 00:00:00,13.58864776
2013-09-14 00:00:00,15.16799887
2013-09-15 00:00:00,14.85049777
2013-09-16 00:00:00,14.04108269
2013-09-17 00:00:00,13.21241152
2013-09-18 00:00:00,13.72700803
2013-09-19 00:00:00,14.84721403
2013-09-20 00:00:00,14.82439555
2013-09-21 00:00:00,14.45502796
2013-09-22 00:00:00,14.34495105
2013-09-23 00:00:00,14.58864275
2013-09-24 00:00:00,14.84727796
2013-09-25 00:00:00,14.99018132
2013-09-26 00:00:00,14.59949299
2013-09-27 00:00:00,13.47912215
2013-09-28 00:00:00,14.84710773
2013-09-29 00:00:00,14.84743124
2013-09-30 00:00:00,15.83061489
2013-10-01 00:00:00,16.31670582
2013-10-02 00:00:00,14.98256303
2013-10-03 00:00:00,15.32297137
2013-10-04 00:00:00,15.61783596
2013-10-05 00:00:00,14.85599827
2013-10-06 00:00:00,13.26778397
2013-10-07 00:00:00,14.44886543
2013-10-08 00:00:00,13.8937227
2013-10-09 00:00:00,15.37859685
2013-10-10 00:00:00,15.88738726
2013-10-11 00:00:00,16.00089849
2013-10-12 00:00:00,15.8834361
2013-10-13 00:00:00,14.33473011
2013-10-14 00:00:00,14.75876595
2013-10-15 00:00:00,16.09623524
2013-10-16 00:00:00,16.92160996
2013-10-17 00:00:00,15.78026134
2013-10-18 00:00:00,15.93741807
2013-10-19 00:00:00,16.19694425
2013-10-20 00:00:00,16.03401108
2013-10-21 00:00:00,17.34552758
2013-10-22 00:00:00,16.01460633
2013-10-23 00:00:00,15.94536275
2013-10-24 00:00:00,15.84291106
2013-10-25 00:00:00,14.32408418
2013-10-26 00:00:00,14.44515285
2013-10-27 00:00:00,13.63015389
2013-10-28 00:00:00,17.66414303
2013-10-29 00:00:00,18.6573023
2013-10-30 00:00:00,20.42815222
2013-10-31 00:00:00,24.03847099
2013-11-01 00:00:00,32.31389077
2013-11-02 00:00:00,36.85596631
2013-11-03 00:00:00,42.03884475
2013-11-04 00:00:00,35.20593088
2013-11-05 00:00:00,29.86685871
2013-11-06 00:00:00,27.02139006
2013-11-07 00:00:00,18.1438989
2013-11-08 00:00:00,20.86484376
2013-11-09 00:00:00,19.94591405
2013-11-10 00:00:00,16.61505211
2013-11-11 00:00:00,17.30510306
2013-11-12 00:00:00,22.16941843
2013-11-13 00:00:00,22.31151572
2013-11-14 00:00:00,20.97027648
2013-11-15 00:00:00,20.08743617
2013-11-16 00:00:00,21.94082447
2013-11-17 00:00:00,25.22975549
2013-11-18 00:00:00,24.59504483
2013-11-19 00:00:00,20.97702228
2013-11-20 00:00:00,21.26512355
2013-11-21 00:00:00,19.60645041
2013-11-22 00:00:00,19.85465767
2013-11-23 00:00:00,22.25847596
2013-11-24 00:00:00,20.6070329
2013-11-25 00:00:00,22.02994805
2013-11-26 00:00:00,20.37168968
2013-11-27 00:00:00,21.52053104
2013-11-28 00:00:00,23.85794218
2013-11-29 00:00:00,21.23986301
2013-11-30 00:00:00,19.05050817
2013-12-01 00:00:00,18.02483363
2013-12-02 00:00:00,18.8179902
2013-12-03 00:00:00,19.04767425
2013-12-04 00:00:00,21.69466548
2013-12-05 00:00:00,18.62138679
2013-12-06 00:00:00,18.57466263
2013-12-07 00:00:00,19.19593889
2013-12-08 00:00:00,19.69156198
2013-12-09 00:00:00,21.16335699
2013-12-10 00:00:00,20.49951147
2013-12-11 00:00:00,18.7572195
2013-12-12 00:00:00,20.13257439
2013-12-13 00:00:00,21.40783897
2013-12-14 00:00:00,20.04034422
2013-12-15 00:00:00,19.99004479
2013-12-16 00:00:00,19.11295493
2013-12-17 00:00:00,19.15986952
2013-12-18 00:00:00,17.38751685
2013-12-19 00:00:00,19.37151445
2013-12-20 00:00:00,23.0076568
2013-12-21 00:00:00,23.24677749
2013-12-22 00:00:00,21.67429792
2013-12-23 00:00:00,18.20423884
2013-12-24 00:00:00,22.10757092
2013-12-25 00:00:00,23.16790394
2013-12-26 00:00:00,21.84978298
2013-12-27 00:00:00,16.50938157
2013-12-28 00:00:00,17.9317924
2013-12-29 00:00:00,20.56199231
2013-12-30 00:00:00,20.7570433
2013-12-31 00:00:00,20.15085593
2014-01-01 00:00:00,17.13751954
2014-01-02 00:00:00,17.31733472
2014-01-03 00:00:00,20.08449345
2014-01-04 00:00:00,17.82675096
2014-01-05 00:00:00,19.56183557
2014-01-06 00:00:00,19.25151815
2014-01-07 00:00:00,16.68740459
2014-01-08 00:00:00,17.10405476
2014-01-09 00:00:00,16.60899972
2014-01-10 00:00:00,17.96154326
2014-01-11 00:00:00,18.26237917
2014-01-12 00:00:00,19.6950404
2014-01-13 00:00:00,19.75863829
2014-01-14 00:00:00,18.64502962
2014-01-15 00:00:00,18.6462181
2014-01-16 00:00:00,17.49036829
2014-01-17 00:00:00,19.57314583
2014-01-18 00:00:00,17.6684639
2014-01-19 00:00:00,18.6755436
2014-01-20 00:00:00,19.4105768
2014-01-21 00:00:00,19.78749933
2014-01-22 00:00:00,18.49116665
2014-01-23 00:00:00,18.18436232
2014-01-24 00:00:00,18.91746778
2014-01-25 00:00:00,18.78982334
2014-01-26 00:00:00,18.80996638
2014-01-27 00:00:00,19.23719701
2014-01-28 00:00:00,19.57418893
2014-01-29 00:00:00,18.60623166
2014-01-30 00:00:00,18.43337428
2014-01-31 00:00:00,19.44615879
2014-02-01 00:00:00,19.00796933
2014-02-02 00:00:00,18.26141983
2014-02-03 00:00:00,17.63992059
2014-02-04 00:00:00,0
2014-02-05 00:00:00,22.23908795
2014-02-06 00:00:00,17.63017123
2014-02-07 00:00:00,19.34196193
2014-02-08 00:00:00,19.43809203
2014-02-09 00:00:00,20.02026608
2014-02-10 00:00:00,21.77452437
2014-02-11 00:00:00,22.47335322
2014-02-12 00:00:00,20.09290432
2014-02-13 00:00:00,20.15593357
2014-02-14 00:00:00,19.10120697
2014-02-15 00:00:00,19.11851724
2014-02-16 00:00:00,21.01434079
2014-02-17 00:00:00,20.93714771
2014-02-18 00:00:00,18.4202189
2014-02-19 00:00:00,17.64423318
2014-02-20 00:00:00,18.40472525
2014-02-21 00:00:00,19.21841403
2014-02-22 00:00:00,18.62668125
2014-02-23 00:00:00,18.742131
2014-02-24 00:00:00,20.17761979
2014-02-25 00:00:00,17.7938392
2014-02-26 00:00:00,18.86823437
2014-02-27 00:00:00,17.37098934
2014-02-28 00:00:00,20.05701692
2014-03-01 00:00:00,17.00324485
2014-03-02 00:00:00,18.69559709
2014-03-03 00:00:00,20.02628727
2014-03-04 00:00:00,19.98765068
2014-03-05 00:00:00,17.9979733
2014-03-06 00:00:00,17.64674996
2014-03-07 00:00:00,19.38626116
2014-03-08 00:00:00,20.09605366
2014-03-09 00:00:00,20.00372894
2014-03-10 00:00:00,17.53744522
2014-03-11 00:00:00,14.21242211
2014-03-12 00:00:00,17.94343348
2014-03-13 00:00:00,19.15945975
2014-03-14 00:00:00,22.12994805
2014-03-15 00:00:00,20.74439821
2014-03-16 00:00:00,19.39212098
2014-03-17 00:00:00,18.48880219
2014-03-18 00:00:00,17.54971925
2014-03-19 00:00:00,20.41971439
2014-03-20 00:00:00,20.23107607
2014-03-21 00:00:00,18.25111705
2014-03-22 00:00:00,16.44551834
2014-03-23 00:00:00,19.76125018
2014-03-24 00:00:00,16.93695207
2014-03-25 00:00:00,18.67526227
2014-03-26 00:00:00,18.30616734
2014-03-27 00:00:00,19.73955703
2014-03-28 00:00:00,13.81548595
2014-03-29 00:00:00,18.8084696
2014-03-30 00:00:00,23.22147671
2014-03-31 00:00:00,22.8553091
2014-04-01 00:00:00,18.52112798
2014-04-02 00:00:00,16.46295184
2014-04-03 00:00:00,18.03598002
2014-04-04 00:00:00,21.06754789
2014-04-05 00:00:00,21.71216311
2014-04-06 00:00:00,19.54269058
2014-04-07 00:00:00,17.46528973
2014-04-08 00:00:00,17.8109883
2014-04-09 00:00:00,19.59309861
2014-04-10 00:00:00,22.4454779
2014-04-11 00:00:00,18.65448494
2014-04-12 00:00:00,20.11556336
2014-04-13 00:00:00,18.50985835
2014-04-14 00:00:00,16.05308579
2014-04-15 00:00:00,16.05170397
2014-04-16 00:00:00,19.14352148
2014-04-17 00:00:00,20.11631665
2014-04-18 00:00:00,19.7482061
2014-04-19 00:00:00,18.39534599
2014-04-20 00:00:00,20.09023023
2014-04-21 00:00:00,20.14954536
2014-04-22 00:00:00,17.90817498
2014-04-23 00:00:00,16.00531488
2014-04-24 00:00:00,15.9089202
2014-04-25 00:00:00,16.60654245
2014-04-26 00:00:00,17.43613831
2014-04-27 00:00:00,17.47433701
2014-04-28 00:00:00,15.18692723
2014-04-29 00:00:00,13.90686538
2014-04-30 00:00:00,14.60364037
2014-05-01 00:00:00,14.95106852
2014-05-02 00:00:00,18.53832676
2014-05-03 00:00:00,15.67087014
2014-05-04 00:00:00,15.76689106
2014-05-05 00:00:00,18.2580608
2014-05-06 00:00:00,14.55933439
2014-05-07 00:00:00,13.11137053
2014-05-08 00:00:00,15.64133322
2014-05-09 00:00:00,13.81715834
2014-05-10 00:00:00,17.28883069
2014-05-11 00:00:00,17.20834347
2014-05-12 00:00:00,18.81583602
2014-05-13 00:00:00,17.44324573
2014-05-14 00:00:00,15.95409288
2014-05-15 00:00:00,14.85627171
2014-05-16 00:00:00,14.5435987
2014-05-17 00:00:00,15.88004144
2014-05-18 00:00:00,17.4068442
2014-05-19 00:00:00,15.60776406
2014-05-20 00:00:00,14.2849529
2014-05-21 00:00:00,14.48781493
2014-05-22 00:00:00,14.57916991
2014-05-23 00:00:00,17.27570188
2014-05-24 00:00:00,17.27524359
2014-05-25 00:00:00,17.08139225
2014-05-26 00:00:00,13.78170478
2014-05-27 00:00:00,13.42970292
2014-05-28 00:00:00,15.03764259
2014-05-29 00:00:00,13.28423638
2014-05-30 00:00:00,13.12401505
2014-05-31 00:00:00,16.39284636
2014-06-01 00:00:00,15.5717748
2014-06-02 00:00:00,15.98037669
2014-06-03 00:00:00,15.61448656
2014-06-04 00:00:00,14.01435677
2014-06-05 00:00:00,12.89684084
2014-06-06 00:00:00,13.10949942
2014-06-07 00:00:00,14.86359789
2014-06-08 00:00:00,16.09093134
2014-06-09 00:00:00,13.87515713
2014-06-10 00:00:00,13.72373719
2014-06-11 00:00:00,13.23519841
2014-06-12 00:00:00,0
2014-06-13 00:00:00,16.14519117
2014-06-14 00:00:00,16.14519117
2014-06-15 00:00:00,16.14519117
2014-06-16 00:00:00,13.24861664
2014-06-17 00:00:00,15.46657892
2014-06-18 00:00:00,16.14519117
2014-06-19 00:00:00,15.6793151
2014-06-20 00:00:00,14.99347911
2014-06-21 00:00:00,14.42252501
2014-06-22 00:00:00,13.17285506
2014-06-23 00:00:00,15.41697059
2014-06-24 00:00:00,15.64086953
2014-06-25 00:00:00,14.76645145
2014-06-26 00:00:00,14.64401309
2014-06-27 00:00:00,13.21176875
2014-06-28 00:00:00,14.22659883
2014-06-29 00:00:00,15.43661162
2014-06-30 00:00:00,14.65240374
2014-07-01 00:00:00,15.32231551
2014-07-02 00:00:00,12.92954213
2014-07-03 00:00:00,13.53652997
2014-07-04 00:00:00,14.92757069
2014-07-05 00:00:00,15.19282903
2014-07-06 00:00:00,15.04159279
2014-07-07 00:00:00,13.26748203
2014-07-08 00:00:00,12.75466672
2014-07-09 00:00:00,14.67867156
2014-07-10 00:00:00,14.73841226
2014-07-11 00:00:00,14.92968347
2014-07-12 00:00:00,15.08335002
2014-07-13 00:00:00,15.08335002
2014-07-14 00:00:00,14.58947346
2014-07-15 00:00:00,13.93705778
2014-07-16 00:00:00,15.08404748
2014-07-17 00:00:00,15.08335002
2014-07-18 00:00:00,13.11687181
2014-07-19 00:00:00,13.28774446
2014-07-20 00:00:00,14.8906165
2014-07-21 00:00:00,15.08335002
2014-07-22 00:00:00,14.95590199
2014-07-23 00:00:00,15.06529897
2014-07-24 00:00:00,15.08252105
2014-07-25 00:00:00,15.05319902
2014-07-26 00:00:00,15.06615721
2014-07-27 00:00:00,14.92092984
2014-07-28 00:00:00,14.88764625
2014-07-29 00:00:00,15.02705212
2014-07-30 00:00:00,14.81340764
2014-07-31 00:00:00,15.0891076
2014-08-01 00:00:00,14.34781251
2014-08-02 00:00:00,15.03029697
2014-08-03 00:00:00,15.0306353
2014-08-04 00:00:00,15.0306353
2014-08-05 00:00:00,15.03115232
2014-08-06 00:00:00,15.04963876
2014-08-07 00:00:00,14.79906935
2014-08-08 00:00:00,14.72594297
2014-08-09 00:00:00,14.34426823
2014-08-10 00:00:00,15.03266489
2014-08-11 00:00:00,13.94027952
2014-08-12 00:00:00,15.03266489
2014-08-13 00:00:00,15.03266489
2014-08-14 00:00:00,13.69773491
2014-08-15 00:00:00,14.45674175
2014-08-16 00:00:00,16.01036228
2014-08-17 00:00:00,15.93247772
2014-08-18 00:00:00,14.38886998
2014-08-19 00:00:00,13.33668922
2014-08-20 00:00:00,13.85595456
2014-08-21 00:00:00,16.12376337
2014-08-22 00:00:00,15.98915073
2014-08-23 00:00:00,14.50024571
2014-08-24 00:00:00,13.21148203
2014-08-25 00:00:00,13.25807312
2014-08-26 00:00:00,14.71594482
2014-08-27 00:00:00,14.86646185
2014-08-28 00:00:00,14.2837777
2014-08-29 00:00:00,14.61785233
2014-08-30 00:00:00,14.8512503
2014-08-31 00:00:00,14.42435473
2014-09-01 00:00:00,14.85318014
2014-09-02 00:00:00,15.53347384
2014-09-03 00:00:00,14.82683395
2014-09-04 00:00:00,14.91587511
2014-09-05 00:00:00,14.76886077
2014-09-06 00:00:00,14.94720806
2014-09-07 00:00:00,15.61988288
2014-09-08 00:00:00,13.96959096
2014-09-09 00:00:00,14.7746428
2014-09-10 00:00:00,14.92690712
2014-09-11 00:00:00,15.45287628
2014-09-12 00:00:00,14.93043195
2014-09-13 00:00:00,14.35249251
2014-09-14 00:00:00,15.0825636
2014-09-15 00:00:00,14.10851524
2014-09-16 00:00:00,15.30658905
2014-09-17 00:00:00,16.86336662
2014-09-18 00:00:00,15.71048783
2014-09-19 00:00:00,14.53382796
2014-09-20 00:00:00,13.45766913
2014-09-21 00:00:00,14.80026516
2014-09-22 00:00:00,18.49215949
2014-09-23 00:00:00,18.29794037
2014-09-24 00:00:00,16.50009686
2014-09-25 00:00:00,15.2429929
2014-09-26 00:00:00,15.69839693
2014-09-27 00:00:00,18.0195149
2014-09-28 00:00:00,19.35167547
2014-09-29 00:00:00,17.48699886
2014-09-30 00:00:00,15.87545425
2014-10-01 00:00:00,15.76102469
2014-10-02 00:00:00,16.54371288
2014-10-03 00:00:00,17.09207535
2014-10-04 00:00:00,18.27742819
2014-10-05 00:00:00,16.04306357
2014-10-06 00:00:00,15.02725239
2014-10-07 00:00:00,15.54132744
2014-10-08 00:00:00,17.76732972
2014-10-09 00:00:00,20.99894669
2014-10-10 00:00:00,18.45718387
2014-10-11 00:00:00,18.01204873
2014-10-12 00:00:00,18.44364318
2014-10-13 00:00:00,18.21348755
2014-10-14 00:00:00,19.2161809
2014-10-15 00:00:00,21.16652924
2014-10-16 00:00:00,19.86327284
2014-10-17 00:00:00,20.04995552
2014-10-18 00:00:00,22.30363305
2014-10-19 00:00:00,26.80341103
2014-10-20 00:00:00,27.41389886
2014-10-21 00:00:00,30.85280523
2014-10-22 00:00:00,36.47211043
2014-10-23 00:00:00,43.30399872
2014-10-24 00:00:00,33.51363428
2014-10-25 00:00:00,26.74354189
2014-10-26 00:00:00,25.82410421
2014-10-27 00:00:00,21.69688475
2014-10-28 00:00:00,19.12905283
2014-10-29 00:00:00,21.59961873
2014-10-30 00:00:00,22.37032058
2014-10-31 00:00:00,25.84751327
2014-11-01 00:00:00,19.609619
2014-11-02 00:00:00,19.27849575
2014-11-03 00:00:00,24.71536848
2014-11-04 00:00:00,17.96303176
2014-11-05 00:00:00,22.19154157
2014-11-06 00:00:00,21.31189488
2014-11-07 00:00:00,20.20246517
2014-11-08 00:00:00,21.90503123
2014-11-09 00:00:00,19.55556405
2014-11-10 00:00:00,23.45678181
2014-11-11 00:00:00,20.60680588
2014-11-12 00:00:00,21.00480343
2014-11-13 00:00:00,21.175523
2014-11-14 00:00:00,22.06247295
2014-11-15 00:00:00,25.26638213
2014-11-16 00:00:00,22.51233469
2014-11-17 00:00:00,20.13371396
2014-11-18 00:00:00,19.90272416
2014-11-19 00:00:00,21.0947142
2014-11-20 00:00:00,29.58378771
2014-11-21 00:00:00,22.00245881
2014-11-22 00:00:00,19.78815962
2014-11-23 00:00:00,19.75448494
2014-11-24 00:00:00,20.99916775
2014-11-25 00:00:00,24.45993981
2014-11-26 00:00:00,23.30091967
2014-11-27 00:00:00,22.46726271
2014-11-28 00:00:00,21.69901986
2014-11-29 00:00:00,20.92956928
2014-11-30 00:00:00,25.10982735
2014-12-01 00:00:00,27.83182552
2014-12-02 00:00:00,24.22357081
2014-12-03 00:00:00,23.36699524
2014-12-04 00:00:00,20.59263339
2014-12-05 00:00:00,24.41520153
2014-12-06 00:00:00,30.94093924
2014-12-07 00:00:00,27.028593
2014-12-08 00:00:00,20.82487021
2014-12-09 00:00:00,19.92128377
2014-12-10 00:00:00,22.02906188
2014-12-11 00:00:00,24.24810693
2014-12-12 00:00:00,24.10032793
2014-12-13 00:00:00,25.83427951
2014-12-14 00:00:00,23.44766501
2014-12-15 00:00:00,19.58714617
2014-12-16 00:00:00,19.27884814
2014-12-17 00:00:00,25.0188367
2014-12-18 00:00:00,26.54466317
2014-12-19 00:00:00,26.27726952
2014-12-20 00:00:00,25.52032289
2014-12-21 00:00:00,19.86124826
2014-12-22 00:00:00,25.90960783
2014-12-23 00:00:00,17.91467199
2014-12-24 00:00:00,25.35285529
2014-12-25 00:00:00,25.36529223
2014-12-26 00:00:00,19.0439507
2014-12-27 00:00:00,24.31588647
2014-12-28 00:00:00,23.91502784
2014-12-29 00:00:00,20.08092241
2014-12-30 00:00:00,23.55870048
2014-12-31 00:00:00,20.82208405
2015-01-01 00:00:00,24.14346255
2015-01-02 00:00:00,23.95031734
2015-01-03 00:00:00,21.85351193
2015-01-04 00:00:00,21.43000293
2015-01-05 00:00:00,18.53077125
2015-01-06 00:00:00,18.88805602
2015-01-07 00:00:00,23.34778844
2015-01-08 00:00:00,23.29576789
2015-01-09 00:00:00,23.5537973
2015-01-10 00:00:00,19.59467107
2015-01-11 00:00:00,18.96879453
2015-01-12 00:00:00,20.7333298
2015-01-13 00:00:00,23.68792046
2015-01-14 00:00:00,18.14612798
2015-01-15 00:00:00,17.87275782
2015-01-16 00:00:00,17.81650459
2015-01-17 00:00:00,20.78215903
2015-01-18 00:00:00,21.69955769
2015-01-19 00:00:00,19.42093985
2015-01-20 00:00:00,22.62846668
2015-01-21 00:00:00,22.637663
2015-01-22 00:00:00,22.31969783
2015-01-23 00:00:00,21.53934175
2015-01-24 00:00:00,21.4754997
2015-01-25 00:00:00,22.2117106
2015-01-26 00:00:00,19.81273887
2015-01-27 00:00:00,19.36527047
2015-01-28 00:00:00,21.91311225
2015-01-29 00:00:00,23.99662614
2015-01-30 00:00:00,21.31869344
2015-01-31 00:00:00,18.11831428
2015-02-01 00:00:00,20.8247462
2015-02-02 00:00:00,19.08314417
2015-02-03 00:00:00,20.6734366
2015-02-04 00:00:00,21.07317337
2015-02-05 00:00:00,19.98244845
2015-02-06 00:00:00,18.57491373
2015-02-07 00:00:00,19.56409104
2015-02-08 00:00:00,27.03215922
2015-02-09 00:00:00,22.15104522
2015-02-10 00:00:00,20.02408033
2015-02-11 00:00:00,19.01236376
2015-02-12 00:00:00,19.84333238
2015-02-13 00:00:00,21.88368854
2015-02-14 00:00:00,21.31586568
2015-02-15 00:00:00,19.71351181
2015-02-16 00:00:00,17.68836046
2015-02-17 00:00:00,17.03933193
2015-02-18 00:00:00,16.7995417
2015-02-19 00:00:00,17.83571082
2015-02-20 00:00:00,20.80367195
2015-02-21 00:00:00,20.3033573
2015-02-22 00:00:00,21.29303738
2015-02-23 00:00:00,21.17002018
2015-02-24 00:00:00,21.34038639
2015-02-25 00:00:00,19.27159456
2015-02-26 00:00:00,19.33915824
2015-02-27 00:00:00,20.68151395
2015-02-28 00:00:00,20.97328467
2015-03-01 00:00:00,20.97328467
2015-03-02 00:00:00,18.49257677
2015-03-03 00:00:00,18.32169816
2015-03-04 00:00:00,18.39040295
2015-03-05 00:00:00,18.74886582
2015-03-06 00:00:00,20.92815068
2015-03-07 00:00:00,19.03852433
2015-03-08 00:00:00,19.26765881
2015-03-09 00:00:00,20.48679398
2015-03-10 00:00:00,20.08552789
2015-03-11 00:00:00,21.06147856
2015-03-12 00:00:00,21.16794976
2015-03-13 00:00:00,20.99965493
2015-03-14 00:00:00,20.97328467
2015-03-15 00:00:00,18.49488481
2015-03-16 00:00:00,18.75187208
2015-03-17 00:00:00,23.43999049
2015-03-18 00:00:00,24.39990449
2015-03-19 00:00:00,21.15989802
2015-03-20 00:00:00,18.09352494
2015-03-21 00:00:00,18.76702451
2015-03-22 00:00:00,21.08105758
2015-03-23 00:00:00,21.38057349
2015-03-24 00:00:00,21.09023215
2015-03-25 00:00:00,17.69010988
2015-03-26 00:00:00,20.84845008
2015-03-27 00:00:00,20.88942744
2015-03-28 00:00:00,21.73947288
2015-03-29 00:00:00,20.90465574
2015-03-30 00:00:00,18.47818823
2015-03-31 00:00:00,19.03518378
2015-04-01 00:00:00,18.19803934
2015-04-02 00:00:00,20.90465574
2015-04-03 00:00:00,20.90465574
2015-04-04 00:00:00,17.87262303
2015-04-05 00:00:00,17.02665545
2015-04-06 00:00:00,17.61736419
2015-04-07 00:00:00,19.37172627
2015-04-08 00:00:00,23.85395462
2015-04-09 00:00:00,20.60404628
2015-04-10 00:00:00,19.25704311
2015-04-11 00:00:00,20.90465574
2015-04-12 00:00:00,20.03713693
2015-04-13 00:00:00,20.46004764
2015-04-14 00:00:00,19.66998436
2015-04-15 00:00:00,17.68212553
2015-04-16 00:00:00,17.70594628
2015-04-17 00:00:00,17.93825282
2015-04-18 00:00:00,19.91849394
2015-04-19 00:00:00,18.10989359
2015-04-20 00:00:00,16.21261313
2015-04-21 00:00:00,18.81672508
2015-04-22 00:00:00,18.42530502
2015-04-23 00:00:00,16.58297029
2015-04-24 00:00:00,18.0408341
2015-04-25 00:00:00,16.01962639
2015-04-26 00:00:00,15.16498548
2015-04-27 00:00:00,17.73294699
2015-04-28 00:00:00,19.53273922
2015-04-29 00:00:00,19.01770964
2015-04-30 00:00:00,16.13899745
2015-05-01 00:00:00,13.25256164
2015-05-02 00:00:00,16.47312696
2015-05-03 00:00:00,14.91082905
2015-05-04 00:00:00,15.44084064
2015-05-05 00:00:00,12.48837837
2015-05-06 00:00:00,14.88108473
2015-05-07 00:00:00,16.44878533
2015-05-08 00:00:00,16.52939713
2015-05-09 00:00:00,19.4806274
2015-05-10 00:00:00,19.56276622
2015-05-11 00:00:00,19.56276622
2015-05-12 00:00:00,17.78011577
2015-05-13 00:00:00,16.47622064
2015-05-14 00:00:00,15.28759156
2015-05-15 00:00:00,18.03173501
2015-05-16 00:00:00,17.13222893
2015-05-17 00:00:00,14.0511467
2015-05-18 00:00:00,13.02629979
2015-05-19 00:00:00,18.74779922
2015-05-20 00:00:00,16.59377027
2015-05-21 00:00:00,17.21818315
2015-05-22 00:00:00,18.04307628
2015-05-23 00:00:00,15.14623967
2015-05-24 00:00:00,13.82347896
2015-05-25 00:00:00,14.68370472
2015-05-26 00:00:00,19.55712379
2015-05-27 00:00:00,18.55441022
2015-05-28 00:00:00,15.01140192
2015-05-29 00:00:00,14.89308244
2015-05-30 00:00:00,17.202599
2015-05-31 00:00:00,18.50585135
2015-06-01 00:00:00,18.50691429
2015-06-02 00:00:00,18.50619411
2015-06-03 00:00:00,18.49006347
2015-06-04 00:00:00,14.15640958
2015-06-05 00:00:00,16.67113934
2015-06-06 00:00:00,17.41885134
2015-06-07 00:00:00,15.83670944
2015-06-08 00:00:00,17.64197579
2015-06-09 00:00:00,18.13128326
2015-06-10 00:00:00,15.79375563
2015-06-11 00:00:00,18.50697976
2015-06-12 00:00:00,18.47563025
2015-06-13 00:00:00,18.50691429
2015-06-14 00:00:00,18.48450905
2015-06-15 00:00:00,14.61276795
2015-06-16 00:00:00,15.89895228
2015-06-17 00:00:00,15.84362565
2015-06-18 00:00:00,13.84062151
2015-06-19 00:00:00,13.26243578
2015-06-20 00:00:00,17.6653188
2015-06-21 00:00:00,16.30947227
2015-06-22 00:00:00,15.67344411
2015-06-23 00:00:00,17.58580036
2015-06-24 00:00:00,17.58580036
2015-06-25 00:00:00,13.66493946
2015-06-26 00:00:00,16.47048984
2015-06-27 00:00:00,17.22597051
2015-06-28 00:00:00,16.71638944
2015-06-29 00:00:00,16.21754885
2015-06-30 00:00:00,14.99891319
2015-07-01 00:00:00,16.89743682
2015-07-02 00:00:00,15.49960987
2015-07-03 00:00:00,17.10158266
2015-07-04 00:00:00,16.31028102
2015-07-05 00:00:00,17.23647009
2015-07-06 00:00:00,17.21707669
2015-07-07 00:00:00,17.23495925
2015-07-08 00:00:00,16.1904586
2015-07-09 00:00:00,12.81802043
2015-07-10 00:00:00,16.61009289
2015-07-11 00:00:00,17.23647009
2015-07-12 00:00:00,13.75785302
2015-07-13 00:00:00,16.11067115
2015-07-14 00:00:00,14.5550605
2015-07-15 00:00:00,16.39094694
2015-07-16 00:00:00,16.9074523
2015-07-17 00:00:00,15.50878887
2015-07-18 00:00:00,16.83426257
2015-07-19 00:00:00,14.70371296
2015-07-20 00:00:00,15.421723
2015-07-21 00:00:00,16.58712788
2015-07-22 00:00:00,14.07097297
2015-07-23 00:00:00,16.28069422
2015-07-24 00:00:00,16.15226124
2015-07-25 00:00:00,16.58340028
2015-07-26 00:00:00,15.66239265
2015-07-27 00:00:00,14.23211898
2015-07-28 00:00:00,16.01684254
2015-07-29 00:00:00,16.62587269
2015-07-30 00:00:00,16.15392709
2015-07-31 00:00:00,16.58240108
2015-08-01 00:00:00,14.02910367
2015-08-02 00:00:00,13.1032849
2015-08-03 00:00:00,15.77973488
2015-08-04 00:00:00,16.58240108
2015-08-05 00:00:00,16.52442116
2015-08-06 00:00:00,13.24041123
2015-08-07 00:00:00,16.58240108
2015-08-08 00:00:00,16.58240108
2015-08-09 00:00:00,16.58240108
2015-08-10 00:00:00,16.58240108
2015-08-11 00:00:00,16.0724607
2015-08-12 00:00:00,12.45216939
2015-08-13 00:00:00,14.1520785
2015-08-14 00:00:00,16.10626825
2015-08-15 00:00:00,16.10626825
2015-08-16 00:00:00,16.10587272
2015-08-17 00:00:00,14.92795947
2015-08-18 00:00:00,15.86546669
2015-08-19 00:00:00,14.86499723
2015-08-20 00:00:00,15.58115444
2015-08-21 00:00:00,13.55870279
2015-08-22 00:00:00,15.35142457
2015-08-23 00:00:00,13.74649462
2015-08-24 00:00:00,15.90572253
2015-08-25 00:00:00,15.13518205
2015-08-26 00:00:00,13.46157773
2015-08-27 00:00:00,14.0751889
2015-08-28 00:00:00,15.76244002
2015-08-29 00:00:00,14.76922779
2015-08-30 00:00:00,15.65919575
2015-08-31 00:00:00,14.68598714
2015-09-01 00:00:00,13.7471992
2015-09-02 00:00:00,13.88113365
2015-09-03 00:00:00,14.75814899
2015-09-04 00:00:00,17.1767575
2015-09-05 00:00:00,17.65310158
2015-09-06 00:00:00,14.3401998
2015-09-07 00:00:00,13.90536148
2015-09-08 00:00:00,14.52190362
2015-09-09 00:00:00,17.43088255
2015-09-10 00:00:00,17.75123239
2015-09-11 00:00:00,15.50808332
2015-09-12 00:00:00,13.96243828
2015-09-13 00:00:00,15.42496438
2015-09-14 00:00:00,14.77865866
2015-09-15 00:00:00,13.79142988
2015-09-16 00:00:00,14.5464122
2015-09-17 00:00:00,15.55574159
2015-09-18 00:00:00,15.5847303
2015-09-19 00:00:00,14.23559644
2015-09-20 00:00:00,15.67220787
2015-09-21 00:00:00,16.78222547
2015-09-22 00:00:00,15.59214987
2015-09-23 00:00:00,15.36602281
2015-09-24 00:00:00,16.79149189
2015-09-25 00:00:00,18.53949676
2015-09-26 00:00:00,18.15691814
2015-09-27 00:00:00,16.06627911
2015-09-28 00:00:00,16.00674811
2015-09-29 00:00:00,16.08921967
2015-09-30 00:00:00,17.95740975
2015-10-01 00:00:00,19.98235121
2015-10-02 00:00:00,17.42448086
2015-10-03 00:00:00,15.8231389
2015-10-04 00:00:00,15.49458441
2015-10-05 00:00:00,16.02009124
2015-10-06 00:00:00,17.76029912
2015-10-07 00:00:00,16.55310177
2015-10-08 00:00:00,15.91612429
2015-10-09 00:00:00,16.031166
2015-10-10 00:00:00,16.95080163
2015-10-11 00:00:00,18.39345639
2015-10-12 00:00:00,16.64913251
2015-10-13 00:00:00,15.53436039
2015-10-14 00:00:00,15.48830327
2015-10-15 00:00:00,16.59918065
2015-10-16 00:00:00,16.576874
2015-10-17 00:00:00,16.43883243
2015-10-18 00:00:00,16.28664378
2015-10-19 00:00:00,15.90831209
2015-10-20 00:00:00,17.47578026
2015-10-21 00:00:00,21.15413428
2015-10-22 00:00:00,22.66406716
2015-10-23 00:00:00,18.85051529
2015-10-24 00:00:00,18.21652289
2015-10-25 00:00:00,17.85141956
2015-10-26 00:00:00,17.79873584
2015-10-27 00:00:00,18.28784363
2015-10-28 00:00:00,17.76978641
2015-10-29 00:00:00,19.14771411
2015-10-30 00:00:00,17.302687
2015-10-31 00:00:00,18.94538855
2015-11-01 00:00:00,18.11067943
2015-11-02 00:00:00,17.10444354
2015-11-03 00:00:00,16.02106136
2015-11-04 00:00:00,18.17909519
2015-11-05 00:00:00,17.82577544
2015-11-06 00:00:00,17.38293467
2015-11-07 00:00:00,16.97349995
2015-11-08 00:00:00,21.54641721
2015-11-09 00:00:00,29.196521
2015-11-10 00:00:00,38.14029473
2015-11-11 00:00:00,50.96488727
2015-11-12 00:00:00,42.58117736
2015-11-13 00:00:00,29.11822243
2015-11-14 00:00:00,27.94455688
2015-11-15 00:00:00,21.69952514
2015-11-16 00:00:00,22.74636387
2015-11-17 00:00:00,26.88538058
2015-11-18 00:00:00,23.08436
2015-11-19 00:00:00,21.21755001
2015-11-20 00:00:00,19.14633518
2015-11-21 00:00:00,26.57941369
2015-11-22 00:00:00,24.34062401
2015-11-23 00:00:00,26.72857566
2015-11-24 00:00:00,26.37009335
2015-11-25 00:00:00,22.76313844
2015-11-26 00:00:00,30.06800079
2015-11-27 00:00:00,23.95350519
2015-11-28 00:00:00,20.64691479
2015-11-29 00:00:00,27.23072946
2015-11-30 00:00:00,20.8312617
2015-12-01 00:00:00,19.72776922
2015-12-02 00:00:00,20.4767756
2015-12-03 00:00:00,22.28781455
2015-12-04 00:00:00,22.95650067
2015-12-05 00:00:00,20.75632929
2015-12-06 00:00:00,19.29626489
2015-12-07 00:00:00,32.5995263
2015-12-08 00:00:00,31.27075249
2015-12-09 00:00:00,18.98811783
2015-12-10 00:00:00,25.59967996
2015-12-11 00:00:00,18.08830057
2015-12-12 00:00:00,19.0774875
2015-12-13 00:00:00,22.36707708
2015-12-14 00:00:00,25.37821192
2015-12-15 00:00:00,23.85066241
2015-12-16 00:00:00,19.70417934
2015-12-17 00:00:00,16.85343991
2015-12-18 00:00:00,19.10535801
2015-12-19 00:00:00,21.14240424
2015-12-20 00:00:00,16.11896456
2015-12-21 00:00:00,26.03567308
2015-12-22 00:00:00,14.96775682
2015-12-23 00:00:00,18.15731712
2015-12-24 00:00:00,20.60479304
2015-12-25 00:00:00,23.24365319
2015-12-26 00:00:00,22.26900673
2015-12-27 00:00:00,25.50663296
2015-12-28 00:00:00,19.31928055
2015-12-29 00:00:00,20.34367341
2015-12-30 00:00:00,21.81416902
2015-12-31 00:00:00,26.34126563
2016-01-01 00:00:00,17.83840802
2016-01-02 00:00:00,18.37247071
2016-01-03 00:00:00,17.79041605
2016-01-04 00:00:00,24.76248257
2016-01-05 00:00:00,21.51735398
2016-01-06 00:00:00,16.04575249
2016-01-07 00:00:00,20.8416261
2016-01-08 00:00:00,17.39035693
2016-01-09 00:00:00,20.07344449
2016-01-10 00:00:00,20.802925
2016-01-11 00:00:00,19.72349706
2016-01-12 00:00:00,21.88415955
2016-01-13 00:00:00,21.09926769
2016-01-14 00:00:00,18.86745604
2016-01-15 00:00:00,20.98516741
2016-01-16 00:00:00,20.91523851
2016-01-17 00:00:00,17.84425128
2016-01-18 00:00:00,20.7265584
2016-01-19 00:00:00,20.73900766
2016-01-20 00:00:00,20.64289007
2016-01-21 00:00:00,20.34546326
2016-01-22 00:00:00,19.37517234
2016-01-23 00:00:00,19.4972537
2016-01-24 00:00:00,21.14828794
2016-01-25 00:00:00,21.6577034
2016-01-26 00:00:00,20.60068667
2016-01-27 00:00:00,17.55106428
2016-01-28 00:00:00,20.92281501
2016-01-29 00:00:00,20.42812064
2016-01-30 00:00:00,17.13167936
2016-01-31 00:00:00,21.9099918
2016-02-01 00:00:00,22.21990984
2016-02-02 00:00:00,19.61100698
2016-02-03 00:00:00,18.14370845
2016-02-04 00:00:00,19.89809769
2016-02-05 00:00:00,21.80205886
2016-02-06 00:00:00,18.88527717
2016-02-07 00:00:00,18.53650321
2016-02-08 00:00:00,17.14218588
2016-02-09 00:00:00,17.50278174
2016-02-10 00:00:00,19.17257932
2016-02-11 00:00:00,19.37330739
2016-02-12 00:00:00,19.43923854
2016-02-13 00:00:00,18.14272274
2016-02-14 00:00:00,18.38683538
2016-02-15 00:00:00,20.61556124
2016-02-16 00:00:00,22.40578915
2016-02-17 00:00:00,20.21812827
2016-02-18 00:00:00,19.49452857
2016-02-19 00:00:00,20.21877142
2016-02-20 00:00:00,18.16133664
2016-02-21 00:00:00,21.55341083
2016-02-22 00:00:00,25.98697672
2016-02-23 00:00:00,19.70755706
2016-02-24 00:00:00,18.80516891
2016-02-25 00:00:00,19.99781212
2016-02-26 00:00:00,18.48482157
2016-02-27 00:00:00,18.82157896
2016-02-28 00:00:00,15.85871897
2016-02-29 00:00:00,16.53486336
2016-03-01 00:00:00,16.84534253
2016-03-02 00:00:00,20.1261311
2016-03-03 00:00:00,19.84211212
2016-03-04 00:00:00,20.34785622
2016-03-05 00:00:00,19.22888607
2016-03-06 00:00:00,18.73748912
2016-03-07 00:00:00,17.34610025
2016-03-08 00:00:00,20.66672681
2016-03-09 00:00:00,21.57774707
2016-03-10 00:00:00,20.60115306
2016-03-11 00:00:00,20.60115306
2016-03-12 00:00:00,17.34860085
2016-03-13 00:00:00,20.32171799
2016-03-14 00:00:00,22.47341715
2016-03-15 00:00:00,21.034096
2016-03-16 00:00:00,19.30606779
2016-03-17 00:00:00,20.06532747
2016-03-18 00:00:00,18.41252551
2016-03-19 00:00:00,19.56673047
2016-03-20 00:00:00,20.85533105
2016-03-21 00:00:00,20.03193701
2016-03-22 00:00:00,18.95861614
2016-03-23 00:00:00,18.22697491
2016-03-24 00:00:00,19.33477555
2016-03-25 00:00:00,18.23635186
2016-03-26 00:00:00,20.34773202
2016-03-27 00:00:00,17.8612652
2016-03-28 00:00:00,18.42669839
2016-03-29 00:00:00,19.33364175
2016-03-30 00:00:00,19.57245935
2016-03-31 00:00:00,20.78518686
2016-04-01 00:00:00,18.45403203
2016-04-02 00:00:00,20.77996788
2016-04-03 00:00:00,20.78808317
2016-04-04 00:00:00,15.99488789
2016-04-05 00:00:00,20.01634823
2016-04-06 00:00:00,16.63694571
2016-04-07 00:00:00,16.90655497
2016-04-08 00:00:00,16.91420908
2016-04-09 00:00:00,19.92448567
2016-04-10 00:00:00,18.64926769
2016-04-11 00:00:00,18.6761363
2016-04-12 00:00:00,16.73929322
2016-04-13 00:00:00,15.95988685
2016-04-14 00:00:00,17.01704068
2016-04-15 00:00:00,19.53573508
2016-04-16 00:00:00,19.53530432
2016-04-17 00:00:00,18.77011088
2016-04-18 00:00:00,19.53559913
2016-04-19 00:00:00,18.18269108
2016-04-20 00:00:00,19.14407605
2016-04-21 00:00:00,18.22232841
2016-04-22 00:00:00,16.74615995
2016-04-23 00:00:00,16.61998879
2016-04-24 00:00:00,18.27712395
2016-04-25 00:00:00,18.18144925
2016-04-26 00:00:00,16.68597251
2016-04-27 00:00:00,16.09903084
2016-04-28 00:00:00,16.04697044
2016-04-29 00:00:00,15.53034761
2016-04-30 00:00:00,14.94158566
2016-05-01 00:00:00,14.13326953
2016-05-02 00:00:00,18.76367876
2016-05-03 00:00:00,13.70098745
2016-05-04 00:00:00,17.81253784
2016-05-05 00:00:00,18.76557452
2016-05-06 00:00:00,15.06557452
2016-05-07 00:00:00,13.55134754
2016-05-08 00:00:00,18.4921256
2016-05-09 00:00:00,14.89251978
2016-05-10 00:00:00,18.41811209
2016-05-11 00:00:00,14.82483305
2016-05-12 00:00:00,14.34146339
2016-05-13 00:00:00,15.62391781
2016-05-14 00:00:00,13.05913278
2016-05-15 00:00:00,13.77709121
2016-05-16 00:00:00,14.44362315
2016-05-17 00:00:00,17.04806707
2016-05-18 00:00:00,15.04530228
2016-05-19 00:00:00,14.79939305
2016-05-20 00:00:00,17.5618219
2016-05-21 00:00:00,17.5618219
2016-05-22 00:00:00,17.5618219
2016-05-23 00:00:00,17.5618219
2016-05-24 00:00:00,17.5618219
2016-05-25 00:00:00,17.5618219
2016-05-26 00:00:00,16.6593057
2016-05-27 00:00:00,16.2619667
2016-05-28 00:00:00,17.5618219
2016-05-29 00:00:00,17.5618219
2016-05-30 00:00:00,14.02226929
2016-05-31 00:00:00,14.69436855
2016-06-01 00:00:00,14.77626686
2016-06-02 00:00:00,15.33407655
2016-06-03 00:00:00,14.94945082
2016-06-04 00:00:00,12.84345216
2016-06-05 00:00:00,15.26493888
2016-06-06 00:00:00,14.99189434
2016-06-07 00:00:00,15.40134408
2016-06-08 00:00:00,16.43936832
2016-06-09 00:00:00,16.17705482
2016-06-10 00:00:00,16.55238487
2016-06-11 00:00:00,15.38610018
2016-06-12 00:00:00,14.3988506
2016-06-13 00:00:00,16.44886813
2016-06-14 00:00:00,13.94818762
2016-06-15 00:00:00,16.38470719
2016-06-16 00:00:00,15.85081184
2016-06-17 00:00:00,16.31773102
2016-06-18 00:00:00,14.94675361
2016-06-19 00:00:00,14.07526535
2016-06-20 00:00:00,16.38633048
2016-06-21 00:00:00,16.20346937
2016-06-22 00:00:00,15.78293505
2016-06-23 00:00:00,16.02989529
2016-06-24 00:00:00,12.83136202
2016-06-25 00:00:00,16.21232448
2016-06-26 00:00:00,16.38266932
2016-06-27 00:00:00,16.38633048
2016-06-28 00:00:00,16.38633048
2016-06-29 00:00:00,15.24597702
2016-06-30 00:00:00,16.38633048
2016-07-01 00:00:00,16.38633048
2016-07-02 00:00:00,16.38633048
2016-07-03 00:00:00,16.38633048
2016-07-04 00:00:00,14.58582886
2016-07-05 00:00:00,14.96921855
2016-07-06 00:00:00,14.50173189
2016-07-07 00:00:00,14.52714802
2016-07-08 00:00:00,13.52365053
2016-07-09 00:00:00,15.84990468
2016-07-10 00:00:00,14.91237801
2016-07-11 00:00:00,15.71523311
2016-07-12 00:00:00,14.7237807
2016-07-13 00:00:00,15.70343163
2016-07-14 00:00:00,15.75343683
2016-07-15 00:00:00,15.75343683
2016-07-16 00:00:00,15.75343683
2016-07-17 00:00:00,13.61406465
2016-07-18 00:00:00,13.56403943
2016-07-19 00:00:00,12.86605362
2016-07-20 00:00:00,14.8084567
2016-07-21 00:00:00,14.7427056
2016-07-22 00:00:00,15.72670282
2016-07-23 00:00:00,14.03808182
2016-07-24 00:00:00,14.14221861
2016-07-25 00:00:00,15.75343683
2016-07-26 00:00:00,15.75343683
2016-07-27 00:00:00,15.3003857
2016-07-28 00:00:00,15.75343683
2016-07-29 00:00:00,15.75343683
2016-07-30 00:00:00,15.75343683
2016-07-31 00:00:00,15.77570439
2016-08-01 00:00:00,15.75797549
2016-08-02 00:00:00,15.53541042
2016-08-03 00:00:00,15.08076759
2016-08-04 00:00:00,14.13351389
2016-08-05 00:00:00,15.69361121
2016-08-06 00:00:00,15.36016626
2016-08-07 00:00:00,12.58847523
2016-08-08 00:00:00,14.72152408
2016-08-09 00:00:00,15.2651274
2016-08-10 00:00:00,15.27966036
2016-08-11 00:00:00,15.24295092
2016-08-12 00:00:00,15.27966036
2016-08-13 00:00:00,0
2016-08-14 00:00:00,15.28007571
2016-08-15 00:00:00,14.26272674
2016-08-16 00:00:00,14.97175265
2016-08-17 00:00:00,15.27966036
2016-08-18 00:00:00,12.24132744
2016-08-19 00:00:00,14.75730961
2016-08-20 00:00:00,14.04004575
2016-08-21 00:00:00,16.34593889
2016-08-22 00:00:00,15.3226575
2016-08-23 00:00:00,14.40740166
2016-08-24 00:00:00,12.36886558
2016-08-25 00:00:00,13.86295704
2016-08-26 00:00:00,14.77316836
2016-08-27 00:00:00,15.84723868
2016-08-28 00:00:00,15.27966036
2016-08-29 00:00:00,15.11599315
2016-08-30 00:00:00,15.27502291
2016-08-31 00:00:00,15.25381617
2016-09-01 00:00:00,13.98423349
2016-09-02 00:00:00,15.07615132
2016-09-03 00:00:00,13.84602477
2016-09-04 00:00:00,13.80355005
2016-09-05 00:00:00,14.65864002
2016-09-06 00:00:00,16.36841576
2016-09-07 00:00:00,15.6425165
2016-09-08 00:00:00,14.2908599
2016-09-09 00:00:00,14.05068629
2016-09-10 00:00:00,14.57307959
2016-09-11 00:00:00,16.53800576
2016-09-12 00:00:00,14.92879904
2016-09-13 00:00:00,14.60146327
2016-09-14 00:00:00,13.71233777
2016-09-15 00:00:00,13.91828713
2016-09-16 00:00:00,15.37689287
2016-09-17 00:00:00,13.62496611
2016-09-18 00:00:00,14.2908393
2016-09-19 00:00:00,13.51269863
2016-09-20 00:00:00,13.26158524
2016-09-21 00:00:00,14.32266038
2016-09-22 00:00:00,16.13789042
2016-09-23 00:00:00,14.67483536
2016-09-24 00:00:00,14.58904983
2016-09-25 00:00:00,13.75269643
2016-09-26 00:00:00,14.02064042
2016-09-27 00:00:00,13.98618722
2016-09-28 00:00:00,12.57551895
2016-09-29 00:00:00,13.47132671
2016-09-30 00:00:00,13.42929199
2016-10-01 00:00:00,14.27533717
2016-10-02 00:00:00,14.13625596
2016-10-03 00:00:00,11.30735333
2016-10-04 00:00:00,14.7707367
2016-10-05 00:00:00,14.72785067
2016-10-06 00:00:00,13.88591724
2016-10-07 00:00:00,15.5325068
2016-10-08 00:00:00,18.21412685
2016-10-09 00:00:00,15.25439578
2016-10-10 00:00:00,16.35465131
2016-10-11 00:00:00,15.28144829
2016-10-12 00:00:00,16.73911857
2016-10-13 00:00:00,19.67200991
2016-10-14 00:00:00,18.81125461
2016-10-15 00:00:00,17.60358395
2016-10-16 00:00:00,16.36149628
2016-10-17 00:00:00,16.59763574
2016-10-18 00:00:00,17.9958247
2016-10-19 00:00:00,17.78103313
2016-10-20 00:00:00,17.3382118
2016-10-21 00:00:00,16.43529874
2016-10-22 00:00:00,16.69963298
2016-10-23 00:00:00,17.05420746
2016-10-24 00:00:00,19.93229267
2016-10-25 00:00:00,18.13380042
2016-10-26 00:00:00,18.3831151
2016-10-27 00:00:00,19.69702994
2016-10-28 00:00:00,26.36737651
2016-10-29 00:00:00,33.95722662
2016-10-30 00:00:00,32.91155635
2016-10-31 00:00:00,30.81600374
2016-11-01 00:00:00,20.12796736
2016-11-02 00:00:00,22.60974128
2016-11-03 00:00:00,22.49769774
2016-11-04 00:00:00,12.25881332
2016-11-05 00:00:00,13.64292338
2016-11-06 00:00:00,17.18192411
2016-11-07 00:00:00,17.62216781
2016-11-08 00:00:00,17.373483
2016-11-09 00:00:00,14.83025422
2016-11-10 00:00:00,18.60526404
2016-11-11 00:00:00,20.45469945
2016-11-12 00:00:00,19.00327026
2016-11-13 00:00:00,17.73578707
2016-11-14 00:00:00,18.270962
2016-11-15 00:00:00,19.01571259
2016-11-16 00:00:00,21.00378806
2016-11-17 00:00:00,18.53673447
2016-11-18 00:00:00,18.91381009
2016-11-19 00:00:00,19.91080325
2016-11-20 00:00:00,19.62650236
2016-11-21 00:00:00,20.47216781
2016-11-22 00:00:00,18.97559367
2016-11-23 00:00:00,18.9800709
2016-11-24 00:00:00,22.38467407
2016-11-25 00:00:00,29.74256734
2016-11-26 00:00:00,21.07701688
2016-11-27 00:00:00,18.74733496
2016-11-28 00:00:00,17.37299371
2016-11-29 00:00:00,17.78317421
2016-11-30 00:00:00,19.03215749
2016-12-01 00:00:00,19.2511105
2016-12-02 00:00:00,18.54199543
2016-12-03 00:00:00,17.60210257
2016-12-04 00:00:00,18.36062667
2016-12-05 00:00:00,18.78827419
2016-12-06 00:00:00,20.85037203
2016-12-07 00:00:00,19.47291302
2016-12-08 00:00:00,18.70031156
2016-12-09 00:00:00,19.65050759
2016-12-10 00:00:00,20.80935057
2016-12-11 00:00:00,21.40388704
2016-12-12 00:00:00,19.88715811
2016-12-13 00:00:00,17.96632898
2016-12-14 00:00:00,17.64022734
2016-12-15 00:00:00,18.19919914
2016-12-16 00:00:00,22.29274604
2016-12-17 00:00:00,21.94525838
2016-12-18 00:00:00,17.47776267
2016-12-19 00:00:00,17.05191868
2016-12-20 00:00:00,0
2016-12-21 00:00:00,19.91186696
2016-12-22 00:00:00,17.2074084
2016-12-23 00:00:00,16.91723575
2016-12-24 00:00:00,15.94807439
2016-12-25 00:00:00,17.5943414
2016-12-26 00:00:00,17.62803014
2016-12-27 00:00:00,20.91817429
2016-12-28 00:00:00,18.02451552
2016-12-29 00:00:00,19.38098903
2016-12-30 00:00:00,17.93949368
2016-12-31 00:00:00,17.7556041
2017-01-01 00:00:00,16.6859132
2017-01-02 00:00:00,18.96239823
2017-01-03 00:00:00,16.94855926
2017-01-04 00:00:00,15.0043126
2017-01-05 00:00:00,15.71601896
2017-01-06 00:00:00,19.35870048
2017-01-07 00:00:00,16.37370214
2017-01-08 00:00:00,17.20016137
2017-01-09 00:00:00,15.90205905
2017-01-10 00:00:00,16.58604992
2017-01-11 00:00:00,17.04531672
2017-01-12 00:00:00,19.81448386
2017-01-13 00:00:00,19.6756755
2017-01-14 00:00:00,19.64610218
2017-01-15 00:00:00,18.33979619
2017-01-16 00:00:00,18.59492737
2017-01-17 00:00:00,20.85413486
2017-01-18 00:00:00,21.32154353
2017-01-19 00:00:00,18.84402137
2017-01-20 00:00:00,18.53109417
2017-01-21 00:00:00,16.5080142
2017-01-22 00:00:00,17.93442528
2017-01-23 00:00:00,19.67755182
2017-01-24 00:00:00,19.11282591
2017-01-25 00:00:00,19.36568679
2017-01-26 00:00:00,19.45775308
2017-01-27 00:00:00,17.05083321
2017-01-28 00:00:00,17.99948201
2017-01-29 00:00:00,19.27460275
2017-01-30 00:00:00,16.33212418
2017-01-31 00:00:00,16.67316952
2017-02-01 00:00:00,20.22731285
2017-02-02 00:00:00,19.34700028
2017-02-03 00:00:00,19.21045221
2017-02-04 00:00:00,19.18283665
2017-02-05 00:00:00,17.85669573
2017-02-06 00:00:00,18.70602523
2017-02-07 00:00:00,19.97282348
2017-02-08 00:00:00,18.72077117
2017-02-09 00:00:00,18.81776298
2017-02-10 00:00:00,18.03477536
2017-02-11 00:00:00,17.30769955
2017-02-12 00:00:00,17.90710993
2017-02-13 00:00:00,21.64816759
2017-02-14 00:00:00,19.26256769
2017-02-15 00:00:00,17.55838545
2017-02-16 00:00:00,17.44203876
2017-02-17 00:00:00,18.38349444
2017-02-18 00:00:00,19.46730584
2017-02-19 00:00:00,17.62406473
2017-02-20 00:00:00,17.01088181
2017-02-21 00:00:00,16.66331116
2017-02-22 00:00:00,17.66953782
2017-02-23 00:00:00,24.16743428
2017-02-24 00:00:00,23.2583687
2017-02-25 00:00:00,19.63368854
2017-02-26 00:00:00,17.46409662
2017-02-27 00:00:00,17.79280226
2017-02-28 00:00:00,20.10156552
2017-03-01 00:00:00,19.16346271
2017-03-02 00:00:00,19.76837956
2017-03-03 00:00:00,17.59797407
2017-03-04 00:00:00,19.25795932
2017-03-05 00:00:00,18.49463044
2017-03-06 00:00:00,21.18791603
2017-03-07 00:00:00,20.12819536
2017-03-08 00:00:00,19.54762495
2017-03-09 00:00:00,19.65147656
2017-03-10 00:00:00,18.43294892
2017-03-11 00:00:00,18.68602912
2017-03-12 00:00:00,21.63559644
2017-03-13 00:00:00,18.23228766
2017-03-14 00:00:00,19.3041366
2017-03-15 00:00:00,18.6567277
2017-03-16 00:00:00,18.13546492
2017-03-17 00:00:00,21.61887887
2017-03-18 00:00:00,18.54192264
2017-03-19 00:00:00,17.27125007
2017-03-20 00:00:00,16.89308802
2017-03-21 00:00:00,17.02896522
2017-03-22 00:00:00,19.30346533
2017-03-23 00:00:00,17.35266851
2017-03-24 00:00:00,18.12185625
2017-03-25 00:00:00,16.67112394
2017-03-26 00:00:00,17.32232302
2017-03-27 00:00:00,19.07924674
2017-03-28 00:00:00,20.29075187
2017-03-29 00:00:00,19.03415897
2017-03-30 00:00:00,16.8023893
2017-03-31 00:00:00,15.98940279
2017-04-01 00:00:00,17.1254556
2017-04-02 00:00:00,20.3467307
2017-04-03 00:00:00,18.44871581
2017-04-04 00:00:00,19.87069857
2017-04-05 00:00:00,19.5709905
2017-04-06 00:00:00,15.83018162
2017-04-07 00:00:00,19.04352571
2017-04-08 00:00:00,19.59157565
2017-04-09 00:00:00,18.43538712
2017-04-10 00:00:00,16.98312434
2017-04-11 00:00:00,16.55422228
2017-04-12 00:00:00,16.38437387
2017-04-13 00:00:00,18.1836352
2017-04-14 00:00:00,15.43808702
2017-04-15 00:00:00,15.7421154
2017-04-16 00:00:00,14.45540403
2017-04-17 00:00:00,14.90912238
2017-04-18 00:00:00,17.19784024
2017-04-19 00:00:00,17.81723325
2017-04-20 00:00:00,13.47395054
2017-04-21 00:00:00,13.28436655
2017-04-22 00:00:00,13.57008546
2017-04-23 00:00:00,18.32963976
2017-04-24 00:00:00,19.52803303
2017-04-25 00:00:00,19.05690023
2017-04-26 00:00:00,14.72654395
2017-04-27 00:00:00,16.62889089
2017-04-28 00:00:00,18.87600632
2017-04-29 00:00:00,18.49305433
2017-04-30 00:00:00,15.1438082
2017-05-01 00:00:00,13.69753946
2017-05-02 00:00:00,17.43821353
2017-05-03 00:00:00,18.14374023
2017-05-04 00:00:00,16.00167586
2017-05-05 00:00:00,15.69728797
2017-05-06 00:00:00,14.07817379
2017-05-07 00:00:00,12.51567427
2017-05-08 00:00:00,17.77351709
2017-05-09 00:00:00,18.1516541
2017-05-10 00:00:00,17.79970365
2017-05-11 00:00:00,17.57185086
2017-05-12 00:00:00,12.8416702
2017-05-13 00:00:00,14.07193058
2017-05-14 00:00:00,13.35143458
2017-05-15 00:00:00,16.61499434
2017-05-16 00:00:00,18.1516541
2017-05-17 00:00:00,13.35843148
2017-05-18 00:00:00,17.79277511
2017-05-19 00:00:00,16.40785418
2017-05-20 00:00:00,15.41869863
2017-05-21 00:00:00,17.53448228
2017-05-22 00:00:00,14.34841465
2017-05-23 00:00:00,14.23861522
2017-05-24 00:00:00,16.74167212
2017-05-25 00:00:00,15.39983767
2017-05-26 00:00:00,16.87696451
2017-05-27 00:00:00,17.3918021
2017-05-28 00:00:00,14.35168202
2017-05-29 00:00:00,15.37610241
2017-05-30 00:00:00,15.83031122
2017-05-31 00:00:00,16.87653567
2017-06-01 00:00:00,14.87932665
2017-06-02 00:00:00,13.43985531
2017-06-03 00:00:00,13.66572414
2017-06-04 00:00:00,16.56921489
2017-06-05 00:00:00,16.56921489
2017-06-06 00:00:00,16.52204977
2017-06-07 00:00:00,15.2384654
2017-06-08 00:00:00,15.9753597
2017-06-09 00:00:00,14.76787736
2017-06-10 00:00:00,16.56696135
2017-06-11 00:00:00,15.58938161
2017-06-12 00:00:00,14.49188991
2017-06-13 00:00:00,13.79625931
2017-06-14 00:00:00,16.4612731
2017-06-15 00:00:00,15.00407671
2017-06-16 00:00:00,16.51724345
2017-06-17 00:00:00,16.56921489
2017-06-18 00:00:00,15.97321303
2017-06-19 00:00:00,16.56921489
2017-06-20 00:00:00,15.87546754
2017-06-21 00:00:00,16.1955476
2017-06-22 00:00:00,16.36093226
2017-06-23 00:00:00,13.2629892
2017-06-24 00:00:00,13.81959077
2017-06-25 00:00:00,12.85836042
2017-06-26 00:00:00,14.01812384
2017-06-27 00:00:00,15.80507148
2017-06-28 00:00:00,15.80507148
2017-06-29 00:00:00,15.80507148
2017-06-30 00:00:00,15.80507148
2017-07-01 00:00:00,15.80507148
2017-07-02 00:00:00,13.82750406
2017-07-03 00:00:00,15.74699123
2017-07-04 00:00:00,15.74699123
2017-07-05 00:00:00,15.25056632
2017-07-06 00:00:00,15.74713103
2017-07-07 00:00:00,15.47972217
2017-07-08 00:00:00,14.42306149
2017-07-09 00:00:00,15.74699123
2017-07-10 00:00:00,15.74699123
2017-07-11 00:00:00,15.70147771
2017-07-12 00:00:00,14.43596038
2017-07-13 00:00:00,14.35636761
2017-07-14 00:00:00,13.45201226
2017-07-15 00:00:00,13.9807337
2017-07-16 00:00:00,15.74677557
2017-07-17 00:00:00,15.74671395
2017-07-18 00:00:00,15.27759476
2017-07-19 00:00:00,15.6145347
2017-07-20 00:00:00,12.21503497
2017-07-21 00:00:00,14.98112344
2017-07-22 00:00:00,13.63859827
2017-07-23 00:00:00,15.13354258
2017-07-24 00:00:00,15.2568105
2017-07-25 00:00:00,15.25230881
2017-07-26 00:00:00,15.25264983
2017-07-27 00:00:00,15.25351308
2017-07-28 00:00:00,14.38637284
2017-07-29 00:00:00,15.18398393
2017-07-30 00:00:00,15.23151646
2017-07-31 00:00:00,14.45917149
2017-08-01 00:00:00,15.17418412
2017-08-02 00:00:00,15.22988238
2017-08-03 00:00:00,15.23110495
2017-08-04 00:00:00,13.63032316
2017-08-05 00:00:00,14.96758929
2017-08-06 00:00:00,15.23110495
2017-08-07 00:00:00,15.23110495
2017-08-08 00:00:00,15.23109744
2017-08-09 00:00:00,14.78958842
2017-08-10 00:00:00,15.23110495
2017-08-11 00:00:00,15.23110495
2017-08-12 00:00:00,14.05928298
2017-08-13 00:00:00,14.52975183
2017-08-14 00:00:00,15.16268669
2017-08-15 00:00:00,14.44990603
2017-08-16 00:00:00,15.02579951
2017-08-17 00:00:00,14.06537869
2017-08-18 00:00:00,15.14119842
2017-08-19 00:00:00,15.60210719
2017-08-20 00:00:00,14.07496399
2017-08-21 00:00:00,12.99767252
2017-08-22 00:00:00,14.11463964
2017-08-23 00:00:00,13.38929977
2017-08-24 00:00:00,14.8658133
2017-08-25 00:00:00,14.8411137
2017-08-26 00:00:00,13.47417334
2017-08-27 00:00:00,0
2017-08-28 00:00:00,14.72178385
2017-08-29 00:00:00,16.32474794
2017-08-30 00:00:00,15.49165922
2017-08-31 00:00:00,15.11392408
2017-09-01 00:00:00,15.1139703
2017-09-02 00:00:00,12.75312026
2017-09-03 00:00:00,14.47508627
2017-09-04 00:00:00,16.22095795
2017-09-05 00:00:00,13.82802533
2017-09-06 00:00:00,14.93921832
2017-09-07 00:00:00,12.33039248
2017-09-08 00:00:00,13.80890941
2017-09-09 00:00:00,15.97860012
2017-09-10 00:00:00,14.89566911
2017-09-11 00:00:00,14.07221557
2017-09-12 00:00:00,13.41051556
2017-09-13 00:00:00,15.06907085
2017-09-14 00:00:00,13.04570705
2017-09-15 00:00:00,15.10226721
2017-09-16 00:00:00,15.11391638
2017-09-17 00:00:00,15.11233353
2017-09-18 00:00:00,13.46527952
2017-09-19 00:00:00,14.94228312
2017-09-20 00:00:00,15.10722585
2017-09-21 00:00:00,15.37808483
2017-09-22 00:00:00,15.03533263
2017-09-23 00:00:00,14.85297179
2017-09-24 00:00:00,14.88407752
2017-09-25 00:00:00,17.75806753
2017-09-26 00:00:00,16.88128423
2017-09-27 00:00:00,14.66313824
2017-09-28 00:00:00,14.2070046
2017-09-29 00:00:00,0
2017-09-30 00:00:00,17.80731077
2017-10-01 00:00:00,17.60470176
2017-10-02 00:00:00,15.59642915
2017-10-03 00:00:00,14.45857416
2017-10-04 00:00:00,14.41756079
2017-10-05 00:00:00,16.296226
2017-10-06 00:00:00,17.66764263
2017-10-07 00:00:00,15.27479627
2017-10-08 00:00:00,13.93929438
2017-10-09 00:00:00,14.50003466
2017-10-10 00:00:00,14.76255652
2017-10-11 00:00:00,14.25609109
2017-10-12 00:00:00,15.57580914
2017-10-13 00:00:00,15.18363963
2017-10-14 00:00:00,16.49677114
2017-10-15 00:00:00,17.33230288
2017-10-16 00:00:00,21.16001779
2017-10-17 00:00:00,23.16143543
2017-10-18 00:00:00,27.41607903
2017-10-19 00:00:00,30.53525849
2017-10-20 00:00:00,25.86172042
2017-10-21 00:00:00,25.98753168
2017-10-22 00:00:00,19.9440697
2017-10-23 00:00:00,18.1075844
2017-10-24 00:00:00,16.9570356
2017-10-25 00:00:00,16.67248149
2017-10-26 00:00:00,17.03540503
2017-10-27 00:00:00,15.71832391
2017-10-28 00:00:00,13.29044301
2017-10-29 00:00:00,14.64493584
2017-10-30 00:00:00,14.71076358
2017-10-31 00:00:00,16.72923653
2017-11-01 00:00:00,17.1992831
2017-11-02 00:00:00,13.94927501
2017-11-03 00:00:00,15.94713758
2017-11-04 00:00:00,16.6282901
2017-11-05 00:00:00,14.88648434
2017-11-06 00:00:00,13.7586352
2017-11-07 00:00:00,16.55115691
2017-11-08 00:00:00,15.81643161
2017-11-09 00:00:00,16.97924655
2017-11-10 00:00:00,15.7802806
2017-11-11 00:00:00,13.65701461
2017-11-12 00:00:00,14.30928818
2017-11-13 00:00:00,14.8659092
2017-11-14 00:00:00,14.32163731
2017-11-15 00:00:00,14.46962196
2017-11-16 00:00:00,15.09504618
2017-11-17 00:00:00,19.35444334
2017-11-18 00:00:00,19.17491354
2017-11-19 00:00:00,18.51177838
2017-11-20 00:00:00,16.54297807
2017-11-21 00:00:00,15.54931102
2017-11-22 00:00:00,18.16860409
2017-11-23 00:00:00,21.99247491
2017-11-24 00:00:00,20.42095814
2017-11-25 00:00:00,17.68667401
2017-11-26 00:00:00,17.26257038
2017-11-27 00:00:00,19.18081881
2017-11-28 00:00:00,23.0145474
2017-11-29 00:00:00,19.18536459
2017-11-30 00:00:00,18.38334155
2017-12-01 00:00:00,17.70800457
2017-12-02 00:00:00,18.29407913
2017-12-03 00:00:00,19.96439432
2017-12-04 00:00:00,19.95953138
2017-12-05 00:00:00,19.89171391
2017-12-06 00:00:00,18.3545171
2017-12-07 00:00:00,17.69472537
2017-12-08 00:00:00,21.32579971
2017-12-09 00:00:00,20.12395054
2017-12-10 00:00:00,19.57880038
2017-12-11 00:00:00,18.77770683
2017-12-12 00:00:00,16.77757338
2017-12-13 00:00:00,17.69436258
2017-12-14 00:00:00,17.43592745
2017-12-15 00:00:00,18.14769004
2017-12-16 00:00:00,16.95202382
2017-12-17 00:00:00,16.62062636
2017-12-18 00:00:00,17.86744275
2017-12-19 00:00:00,18.82026781
2017-12-20 00:00:00,18.81838765
2017-12-21 00:00:00,17.61318504
2017-12-22 00:00:00,16.84389274
2017-12-23 00:00:00,16.79847665
2017-12-24 00:00:00,18.0727505
2017-12-25 00:00:00,18.52575985
2017-12-26 00:00:00,18.03228516
2017-12-27 00:00:00,17.27278844
2017-12-28 00:00:00,16.31156001
2017-12-29 00:00:00,17.55388723
2017-12-30 00:00:00,18.42955445
2017-12-31 00:00:00,17.55803576
2018-01-01 00:00:00,17.86179089
2018-01-02 00:00:00,17.92552088
2018-01-03 00:00:00,18.07305956
2018-01-04 00:00:00,15.77898717
2018-01-05 00:00:00,17.68077298
2018-01-06 00:00:00,17.2116095
2018-01-07 00:00:00,16.15655131
2018-01-08 00:00:00,15.9943233
2018-01-09 00:00:00,17.70089252
2018-01-10 00:00:00,20.45119734
2018-01-11 00:00:00,18.36114793
2018-01-12 00:00:00,15.57930008
2018-01-13 00:00:00,16.50131288
2018-01-14 00:00:00,17.6962441
2018-01-15 00:00:00,21.26784078
2018-01-16 00:00:00,18.14279321
2018-01-17 00:00:00,16.9124689
2018-01-18 00:00:00,15.55748908
2018-01-19 00:00:00,17.39372848
2018-01-20 00:00:00,20.91313921
2018-01-21 00:00:00,18.34642048
2018-01-22 00:00:00,16.97852541
2018-01-23 00:00:00,15.51004918
2018-01-24 00:00:00,16.36514492
2018-01-25 00:00:00,15.9625673
2018-01-26 00:00:00,14.67133402
2018-01-27 00:00:00,17.89888064
2018-01-28 00:00:00,16.40063487
2018-01-29 00:00:00,16.41808783
2018-01-30 00:00:00,17.1713812
2018-01-31 00:00:00,19.66353319
2018-02-01 00:00:00,17.07057225
2018-02-02 00:00:00,17.76821819
2018-02-03 00:00:00,17.51005611
2018-02-04 00:00:00,19.370527
2018-02-05 00:00:00,17.4917374
2018-02-06 00:00:00,17.60917515
2018-02-07 00:00:00,17.96347696
2018-02-08 00:00:00,17.39462254
2018-02-09 00:00:00,16.81176374
2018-02-10 00:00:00,17.94759434
2018-02-11 00:00:00,17.74910921
2018-02-12 00:00:00,17.07621602
2018-02-13 00:00:00,16.96585971
2018-02-14 00:00:00,18.22127067
2018-02-15 00:00:00,17.85281736
2018-02-16 00:00:00,20.19578831
2018-02-17 00:00:00,19.02312927
2018-02-18 00:00:00,18.86558839
2018-02-19 00:00:00,18.92893903
2018-02-20 00:00:00,19.15107584
2018-02-21 00:00:00,20.81752671
2018-02-22 00:00:00,18.6002045
2018-02-23 00:00:00,19.01527933
2018-02-24 00:00:00,18.57011973
2018-02-25 00:00:00,17.31683022
2018-02-26 00:00:00,19.37493106
2018-02-27 00:00:00,19.16379141
2018-02-28 00:00:00,18.22443522
2018-03-01 00:00:00,17.8454363
2018-03-02 00:00:00,15.86840344
2018-03-03 00:00:00,16.64468378
2018-03-04 00:00:00,20.82897157
2018-03-05 00:00:00,19.71497682
2018-03-06 00:00:00,17.78970203
2018-03-07 00:00:00,17.44179324
2018-03-08 00:00:00,17.53393329
2018-03-09 00:00:00,19.79727526
2018-03-10 00:00:00,19.3822711
2018-03-11 00:00:00,16.75370391
2018-03-12 00:00:00,17.59611008
2018-03-13 00:00:00,15.85000944
2018-03-14 00:00:00,17.81093303
2018-03-15 00:00:00,18.0208014
2018-03-16 00:00:00,17.97363513
2018-03-17 00:00:00,16.70793293
2018-03-18 00:00:00,17.90910717
2018-03-19 00:00:00,17.5692301
2018-03-20 00:00:00,15.81498356
2018-03-21 00:00:00,17.00348766
2018-03-22 00:00:00,16.95134889
2018-03-23 00:00:00,16.97240043
2018-03-24 00:00:00,18.03461457
2018-03-25 00:00:00,19.90716654
2018-03-26 00:00:00,19.37015921
2018-03-27 00:00:00,16.9696185
2018-03-28 00:00:00,16.86192299
2018-03-29 00:00:00,16.69977374
2018-03-30 00:00:00,16.90505665
2018-03-31 00:00:00,19.02053778
2018-04-01 00:00:00,16.16043084
2018-04-02 00:00:00,15.89220012
2018-04-03 00:00:00,14.6091089
2018-04-04 00:00:00,16.23163064
2018-04-05 00:00:00,17.45002388
2018-04-06 00:00:00,18.84108597
2018-04-07 00:00:00,15.39203298
2018-04-08 00:00:00,15.13265642
2018-04-09 00:00:00,18.48749913
2018-04-10 00:00:00,17.7550838
2018-04-11 00:00:00,18.79738887
2018-04-12 00:00:00,16.73573258
2018-04-13 00:00:00,18.41103683
2018-04-14 00:00:00,16.38165356
2018-04-15 00:00:00,16.24621464
2018-04-16 00:00:00,16.59703475
2018-04-17 00:00:00,16.51214694
2018-04-18 00:00:00,17.71935912
2018-04-19 00:00:00,15.93704161
2018-04-20 00:00:00,13.11397993
2018-04-21 00:00:00,19.41071891
2018-04-22 00:00:00,18.37116245
2018-04-23 00:00:00,16.01229579
2018-04-24 00:00:00,16.21928479
2018-04-25 00:00:00,17.5609598
2018-04-26 00:00:00,14.06377524
2018-04-27 00:00:00,18.21792685
2018-04-28 00:00:00,14.77822155
2018-04-29 00:00:00,16.15658462
2018-04-30 00:00:00,14.53279256
2018-05-01 00:00:00,14.18307582
2018-05-02 00:00:00,18.2766464
2018-05-03 00:00:00,18.2766464
2018-05-04 00:00:00,15.40127148
2018-05-05 00:00:00,17.18636302
2018-05-06 00:00:00,15.54200025
2018-05-07 00:00:00,18.2766464
2018-05-08 00:00:00,15.55157746
2018-05-09 00:00:00,15.56853303
2018-05-10 00:00:00,13.88917595
2018-05-11 00:00:00,17.95897045
2018-05-12 00:00:00,16.26928633
2018-05-13 00:00:00,17.95383601
2018-05-14 00:00:00,17.95383601
2018-05-15 00:00:00,17.6677004
2018-05-16 00:00:00,16.23035839
2018-05-17 00:00:00,17.91068887
2018-05-18 00:00:00,17.91344634
2018-05-19 00:00:00,17.22184373
2018-05-20 00:00:00,16.36352587
2018-05-21 00:00:00,15.1994616
2018-05-22 00:00:00,16.54417503
2018-05-23 00:00:00,17.773447
2018-05-24 00:00:00,16.68997566
2018-05-25 00:00:00,15.95296313
2018-05-26 00:00:00,15.86715545
2018-05-27 00:00:00,14.32558307
2018-05-28 00:00:00,15.79004883
2018-05-29 00:00:00,17.74068178
2018-05-30 00:00:00,15.3568777
2018-05-31 00:00:00,14.6392732
2018-06-01 00:00:00,17.72029342
2018-06-02 00:00:00,16.45613807
2018-06-03 00:00:00,17.73783573
2018-06-04 00:00:00,17.50264925
2018-06-05 00:00:00,16.04296613
2018-06-06 00:00:00,14.16797961
2018-06-07 00:00:00,14.45028769
2018-06-08 00:00:00,17.64256946
2018-06-09 00:00:00,17.6371662
2018-06-10 00:00:00,17.45484888
2018-06-11 00:00:00,14.44822748
2018-06-12 00:00:00,17.46021093
2018-06-13 00:00:00,17.51730892
2018-06-14 00:00:00,17.51730892
2018-06-15 00:00:00,17.51730892
2018-06-16 00:00:00,17.35791753
2018-06-17 00:00:00,16.08323391
2018-06-18 00:00:00,17.516991
2018-06-19 00:00:00,17.45819443
2018-06-20 00:00:00,17.5163517
2018-06-21 00:00:00,14.98239704
2018-06-22 00:00:00,17.42479454
2018-06-23 00:00:00,17.45183203
2018-06-24 00:00:00,17.42630229
2018-06-25 00:00:00,17.42137735
2018-06-26 00:00:00,17.45183203
2018-06-27 00:00:00,17.45183203
2018-06-28 00:00:00,17.45183203
2018-06-29 00:00:00,17.42990992
2018-06-30 00:00:00,17.28004953
2018-07-01 00:00:00,17.37091366
2018-07-02 00:00:00,17.45183203
2018-07-03 00:00:00,15.7750905
2018-07-04 00:00:00,16.61528568
2018-07-05 00:00:00,17.45183203
2018-07-06 00:00:00,15.14667775
2018-07-07 00:00:00,13.9826595
2018-07-08 00:00:00,14.84007367
2018-07-09 00:00:00,16.6150496
2018-07-10 00:00:00,17.20560314
2018-07-11 00:00:00,13.81277411
2018-07-12 00:00:00,17.02513537
2018-07-13 00:00:00,16.50978325
2018-07-14 00:00:00,13.43453273
2018-07-15 00:00:00,16.78333442
2018-07-16 00:00:00,16.61081288
2018-07-17 00:00:00,12.88559702
2018-07-18 00:00:00,15.90756899
2018-07-19 00:00:00,15.73644968
2018-07-20 00:00:00,16.43949811
2018-07-21 00:00:00,16.43751146
2018-07-22 00:00:00,16.26630799
2018-07-23 00:00:00,12.53040268
2018-07-24 00:00:00,16.41283785
2018-07-25 00:00:00,16.43865989
2018-07-26 00:00:00,16.43865989
2018-07-27 00:00:00,16.43865989
2018-07-28 00:00:00,16.43865989
2018-07-29 00:00:00,16.43865989
2018-07-30 00:00:00,14.66613854
2018-07-31 00:00:00,16.37050178
2018-08-01 00:00:00,13.78223259
2018-08-02 00:00:00,16.42207384
2018-08-03 00:00:00,16.40402279
2018-08-04 00:00:00,16.43611096
2018-08-05 00:00:00,16.43865989
2018-08-06 00:00:00,16.43865989
2018-08-07 00:00:00,16.43865989
2018-08-08 00:00:00,12.88115483
2018-08-09 00:00:00,15.44472999
2018-08-10 00:00:00,15.10541193
2018-08-11 00:00:00,16.12400639
2018-08-12 00:00:00,15.256171
2018-08-13 00:00:00,14.41331964
2018-08-14 00:00:00,14.16034014
2018-08-15 00:00:00,15.95946572
2018-08-16 00:00:00,15.00642306
2018-08-17 00:00:00,15.39030282
2018-08-18 00:00:00,16.06749802
2018-08-19 00:00:00,16.06749802
2018-08-20 00:00:00,16.06749802
2018-08-21 00:00:00,16.06789662
2018-08-22 00:00:00,16.06749802
2018-08-23 00:00:00,16.06749802
2018-08-24 00:00:00,16.06749802
2018-08-25 00:00:00,15.38908718
2018-08-26 00:00:00,16.06749802
2018-08-27 00:00:00,16.06749802
2018-08-28 00:00:00,16.06749802
2018-08-29 00:00:00,16.06749802
2018-08-30 00:00:00,15.9932128
2018-08-31 00:00:00,16.06749802
2018-09-01 00:00:00,16.02058612
2018-09-02 00:00:00,16.04400789
2018-09-03 00:00:00,16.06749802
2018-09-04 00:00:00,16.06125654
2018-09-05 00:00:00,15.68245134
2018-09-06 00:00:00,15.81485146
2018-09-07 00:00:00,15.91123921
2018-09-08 00:00:00,12.9468108
2018-09-09 00:00:00,13.77902549
2018-09-10 00:00:00,13.8425011
2018-09-11 00:00:00,14.3957987
2018-09-12 00:00:00,15.9834128
2018-09-13 00:00:00,15.74256118
2018-09-14 00:00:00,13.76177799
2018-09-15 00:00:00,14.06919409
2018-09-16 00:00:00,13.44331428
2018-09-17 00:00:00,15.63262195
2018-09-18 00:00:00,16.29171545
2018-09-19 00:00:00,14.25123528
2018-09-20 00:00:00,14.05744961
2018-09-21 00:00:00,15.43190678
2018-09-22 00:00:00,14.99987811
2018-09-23 00:00:00,15.3650496
2018-09-24 00:00:00,14.87075673
2018-09-25 00:00:00,12.4406348
2018-09-26 00:00:00,12.80617986
2018-09-27 00:00:00,14.20179351
2018-09-28 00:00:00,15.81884036
2018-09-29 00:00:00,15.6538052
2018-09-30 00:00:00,14.0766826
2018-10-01 00:00:00,14.18583772
2018-10-02 00:00:00,14.58836912
2018-10-03 00:00:00,15.33781513
2018-10-04 00:00:00,15.50529485
2018-10-05 00:00:00,14.97756068
2018-10-06 00:00:00,14.51606016
2018-10-07 00:00:00,14.35699767
2018-10-08 00:00:00,15.65404609
2018-10-09 00:00:00,14.99888411
2018-10-10 00:00:00,14.42861841
2018-10-11 00:00:00,16.01412358
2018-10-12 00:00:00,16.38727576
2018-10-13 00:00:00,17.55389705
2018-10-14 00:00:00,19.50380828
2018-10-15 00:00:00,16.38736357
2018-10-16 00:00:00,16.22972468
2018-10-17 00:00:00,15.80884895
2018-10-18 00:00:00,17.20166122
2018-10-19 00:00:00,15.60626921
2018-10-20 00:00:00,15.00420341
2018-10-21 00:00:00,16.7941084
2018-10-22 00:00:00,15.82586113
2018-10-23 00:00:00,15.09937591
2018-10-24 00:00:00,17.03747179
2018-10-25 00:00:00,16.48922544
2018-10-26 00:00:00,15.36250087
2018-10-27 00:00:00,14.58023477
2018-10-28 00:00:00,14.93368797
2018-10-29 00:00:00,14.53017623
2018-10-30 00:00:00,15.50901763
2018-10-31 00:00:00,14.81306623
2018-11-01 00:00:00,14.86908607
2018-11-02 00:00:00,16.10755436
2018-11-03 00:00:00,16.64432792
2018-11-04 00:00:00,16.52696316
2018-11-05 00:00:00,22.04553336
2018-11-06 00:00:00,26.55948421
2018-11-07 00:00:00,30.81236145
2018-11-08 00:00:00,26.26303773
2018-11-09 00:00:00,22.09230777
2018-11-10 00:00:00,16.79246836
2018-11-11 00:00:00,18.13211859
2018-11-12 00:00:00,18.07777442
2018-11-13 00:00:00,21.22899814
2018-11-14 00:00:00,14.53991346
2018-11-15 00:00:00,19.81362407
2018-11-16 00:00:00,17.30527155
2018-11-17 00:00:00,17.10532219
2018-11-18 00:00:00,22.23538732
2018-11-19 00:00:00,19.68356896
2018-11-20 00:00:00,18.3103877
2018-11-21 00:00:00,21.51973442
2018-11-22 00:00:00,17.76493464
2018-11-23 00:00:00,19.21152901
2018-11-24 00:00:00,18.00211028
2018-11-25 00:00:00,18.58478114
2018-11-26 00:00:00,17.18206217
2018-11-27 00:00:00,22.61412473
2018-11-28 00:00:00,14.90527174
2018-11-29 00:00:00,16.44426861
2018-11-30 00:00:00,18.37494839
2018-12-01 00:00:00,19.87956832
2018-12-02 00:00:00,16.93723975
2018-12-03 00:00:00,16.83473781
2018-12-04 00:00:00,15.68690412
2018-12-05 00:00:00,15.5168978
2018-12-06 00:00:00,17.33822104
2018-12-07 00:00:00,18.86372055
2018-12-08 00:00:00,16.92597609
2018-12-09 00:00:00,15.49092961
2018-12-10 00:00:00,15.42716516
2018-12-11 00:00:00,20.79298962
2018-12-12 00:00:00,17.70064277
2018-12-13 00:00:00,19.70747522
2018-12-14 00:00:00,16.93563514
2018-12-15 00:00:00,17.60315858
2018-12-16 00:00:00,18.56202736
2018-12-17 00:00:00,20.7979912
2018-12-18 00:00:00,18.60754627
2018-12-19 00:00:00,17.31288849
2018-12-20 00:00:00,16.99179344
2018-12-21 00:00:00,17.49019171
2018-12-22 00:00:00,18.46095942
2018-12-23 00:00:00,16.39213273
2018-12-24 00:00:00,17.96754635
2018-12-25 00:00:00,16.88527005
2018-12-26 00:00:00,16.68999107
2018-12-27 00:00:00,18.42694852
2018-12-28 00:00:00,20.67683318
2018-12-29 00:00:00,17.92942852
2018-12-30 00:00:00,16.41284998
2018-12-31 00:00:00,17.62829472
2019-01-01 00:00:00,18.32485731
2019-01-02 00:00:00,13.88600043
2019-01-03 00:00:00,18.53107973
2019-01-04 00:00:00,16.4707987
2019-01-05 00:00:00,16.78311799
2019-01-06 00:00:00,14.86190431
2019-01-07 00:00:00,18.26391889
2019-01-08 00:00:00,19.13802213
2019-01-09 00:00:00,17.74478564
2019-01-10 00:00:00,16.18953142
2019-01-11 00:00:00,17.57347395
2019-01-12 00:00:00,17.61149743
2019-01-13 00:00:00,21.54589171
2019-01-14 00:00:00,18.58570735
2019-01-15 00:00:00,18.55096589
2019-01-16 00:00:00,16.1725435
2019-01-17 00:00:00,20.36685159
2019-01-18 00:00:00,18.68609844
2019-01-19 00:00:00,18.76293894
2019-01-20 00:00:00,18.56607018
2019-01-21 00:00:00,0
2019-01-22 00:00:00,15.6498627
2019-01-23 00:00:00,18.05441812
2019-01-24 00:00:00,18.33335618
2019-01-25 00:00:00,18.93536498
2019-01-26 00:00:00,17.73127056
2019-01-27 00:00:00,18.23578996
2019-01-28 00:00:00,19.30219019
2019-01-29 00:00:00,18.82289146
2019-01-30 00:00:00,18.72059806
2019-01-31 00:00:00,18.31315269
2019-02-01 00:00:00,14.96753961
2019-02-02 00:00:00,14.89018863
2019-02-03 00:00:00,20.126781
2019-02-04 00:00:00,16.11848181
2019-02-05 00:00:00,18.4213009
2019-02-06 00:00:00,18.75341391
2019-02-07 00:00:00,12.8136
2019-02-08 00:00:00,22.81101699
2019-02-09 00:00:00,21.81083829
2019-02-10 00:00:00,19.54692653
2019-02-11 00:00:00,20.0414476
2019-02-12 00:00:00,19.998126
2019-02-13 00:00:00,19.6042479
2019-02-14 00:00:00,16.302252
2019-02-15 00:00:00,17.58063472
2019-02-16 00:00:00,17.23525387
2019-02-17 00:00:00,19.60538612
2019-02-18 00:00:00,15.08022514
2019-02-19 00:00:00,19.78049935
2019-02-20 00:00:00,19.69545883
2019-02-21 00:00:00,17.82422822
2019-02-22 00:00:00,19.82315161
2019-02-23 00:00:00,19.8216065
2019-02-24 00:00:00,20.49637061
2019-02-25 00:00:00,19.12951864
2019-02-26 00:00:00,17.50951039
2019-02-27 00:00:00,16.40521667
2019-02-28 00:00:00,18.92515386
2019-03-01 00:00:00,19.49845951
2019-03-02 00:00:00,19.49845951
2019-03-03 00:00:00,16.21203275
2019-03-04 00:00:00,16.58595999
2019-03-05 00:00:00,16.84788491
2019-03-06 00:00:00,18.88928456
2019-03-07 00:00:00,22.53489475
2019-03-08 00:00:00,20.50999469
2019-03-09 00:00:00,19.24153598
2019-03-10 00:00:00,18.53118775
2019-03-11 00:00:00,16.59031669
2019-03-12 00:00:00,19.91633668
2019-03-13 00:00:00,18.49649789
2019-03-14 00:00:00,17.05492282
2019-03-15 00:00:00,17.40643231
2019-03-16 00:00:00,19.34268788
2019-03-17 00:00:00,18.99340248
2019-03-18 00:00:00,21.01089202
2019-03-19 00:00:00,18.28287189
2019-03-20 00:00:00,16.31694094
2019-03-21 00:00:00,16.93340144
2019-03-22 00:00:00,18.55775135
2019-03-23 00:00:00,20.64812292
2019-03-24 00:00:00,18.59043338
2019-03-25 00:00:00,17.61326803
2019-03-26 00:00:00,17.75155859
2019-03-27 00:00:00,17.60513425
2019-03-28 00:00:00,18.21932369
2019-03-29 00:00:00,19.89731204
2019-03-30 00:00:00,16.54659494
2019-03-31 00:00:00,17.50964904
2019-04-01 00:00:00,17.50745712
2019-04-02 00:00:00,20.04550351
2019-04-03 00:00:00,20.02983174
2019-04-04 00:00:00,17.62554822
2019-04-05 00:00:00,19.66523042
2019-04-06 00:00:00,15.90500524
2019-04-07 00:00:00,17.41994527
2019-04-08 00:00:00,17.76923203
2019-04-09 00:00:00,17.89323167
2019-04-10 00:00:00,17.09006077
2019-04-11 00:00:00,19.20836543
2019-04-12 00:00:00,17.33436366
2019-04-13 00:00:00,19.48692087
2019-04-14 00:00:00,18.688802
2019-04-15 00:00:00,19.23757019
2019-04-16 00:00:00,19.23757019
2019-04-17 00:00:00,18.81298516
2019-04-18 00:00:00,18.05330589
2019-04-19 00:00:00,19.76448501
2019-04-20 00:00:00,17.39254346
2019-04-21 00:00:00,16.15398428
2019-04-22 00:00:00,16.06193782
2019-04-23 00:00:00,15.76236261
2019-04-24 00:00:00,19.17701862
2019-04-25 00:00:00,16.217312
2019-04-26 00:00:00,16.81637962
2019-04-27 00:00:00,17.16968994
2019-04-28 00:00:00,17.4061995
2019-04-29 00:00:00,16.69569337
2019-04-30 00:00:00,16.62865327
2019-05-01 00:00:00,14.97301393
2019-05-02 00:00:00,18.53014561
2019-05-03 00:00:00,17.99690959
2019-05-04 00:00:00,18.14163996
2019-05-05 00:00:00,15.957284
2019-05-06 00:00:00,16.98630198
2019-05-07 00:00:00,16.72736311
2019-05-08 00:00:00,15.94901563
2019-05-09 00:00:00,18.25671961
2019-05-10 00:00:00,18.17281328
2019-05-11 00:00:00,16.94391199
2019-05-12 00:00:00,15.56699428
2019-05-13 00:00:00,18.4412248
2019-05-14 00:00:00,15.93358148
2019-05-15 00:00:00,18.4412248
2019-05-16 00:00:00,17.57400446
2019-05-17 00:00:00,18.04045591
2019-05-18 00:00:00,15.55294195
2019-05-19 00:00:00,16.39181269
2019-05-20 00:00:00,16.37178982
2019-05-21 00:00:00,16.49059474
2019-05-22 00:00:00,18.26989617
2019-05-23 00:00:00,14.92847264
2019-05-24 00:00:00,16.41565232
2019-05-25 00:00:00,16.75240278
2019-05-26 00:00:00,17.72555862
2019-05-27 00:00:00,17.84554953
2019-05-28 00:00:00,17.12608527
2019-05-29 00:00:00,16.77121656
2019-05-30 00:00:00,17.03066803
2019-05-31 00:00:00,17.53317633
2019-06-01 00:00:00,16.84537642
2019-06-02 00:00:00,14.42881656
2019-06-03 00:00:00,16.1195873
2019-06-04 00:00:00,16.3548845
2019-06-05 00:00:00,17.13581172
2019-06-06 00:00:00,18.03201962
2019-06-07 00:00:00,15.88906369
2019-06-08 00:00:00,16.13454987
2019-06-09 00:00:00,16.0492777
2019-06-10 00:00:00,17.53466213
2019-06-11 00:00:00,17.90642749
2019-06-12 00:00:00,17.90627961
2019-06-13 00:00:00,14.84230526
2019-06-14 00:00:00,15.70949672
2019-06-15 00:00:00,17.90642749
2019-06-16 00:00:00,17.90159806
2019-06-17 00:00:00,17.90642749
2019-06-18 00:00:00,16.9873318
2019-06-19 00:00:00,15.25688117
2019-06-20 00:00:00,14.80477397
2019-06-21 00:00:00,15.95308502
2019-06-22 00:00:00,15.62148287
2019-06-23 00:00:00,16.1196418
2019-06-24 00:00:00,17.90250676
2019-06-25 00:00:00,17.90642749
2019-06-26 00:00:00,16.6480326
2019-06-27 00:00:00,17.64744876
2019-06-28 00:00:00,16.89384479
2019-06-29 00:00:00,17.942866
2019-06-30 00:00:00,15.87992013
2019-07-01 00:00:00,17.60456447
2019-07-02 00:00:00,17.73716408
2019-07-03 00:00:00,17.67171087
2019-07-04 00:00:00,17.90443468
2019-07-05 00:00:00,17.8865475
2019-07-06 00:00:00,14.72237828
2019-07-07 00:00:00,16.66355379
2019-07-08 00:00:00,17.60466556
2019-07-09 00:00:00,15.38324007
2019-07-10 00:00:00,17.62713069
2019-07-11 00:00:00,17.63394542
2019-07-12 00:00:00,15.87327966
2019-07-13 00:00:00,17.63394542
2019-07-14 00:00:00,17.63176659
2019-07-15 00:00:00,16.74234917
2019-07-16 00:00:00,16.94238787
2019-07-17 00:00:00,16.52289146
2019-07-18 00:00:00,14.54975333
2019-07-19 00:00:00,16.33108146
2019-07-20 00:00:00,13.04787239
2019-07-21 00:00:00,17.21902984
2019-07-22 00:00:00,14.21761086
2019-07-23 00:00:00,13.6523477
2019-07-24 00:00:00,17.63394542
2019-07-25 00:00:00,17.63394542
2019-07-26 00:00:00,17.63394542
2019-07-27 00:00:00,17.62605812
2019-07-28 00:00:00,16.66368011
2019-07-29 00:00:00,17.52889378
2019-07-30 00:00:00,17.63319
2019-07-31 00:00:00,17.55446241
2019-08-01 00:00:00,17.4034582
2019-08-02 00:00:00,17.62357004
2019-08-03 00:00:00,17.6322426
2019-08-04 00:00:00,14.48678492
2019-08-05 00:00:00,17.52823329
2019-08-06 00:00:00,16.93481618
2019-08-07 00:00:00,17.52689538
2019-08-08 00:00:00,17.0641904
2019-08-09 00:00:00,14.5443493
2019-08-10 00:00:00,14.88719546
2019-08-11 00:00:00,16.8514082
2019-08-12 00:00:00,15.63626251
2019-08-13 00:00:00,17.25481268
2019-08-14 00:00:00,17.25481268
2019-08-15 00:00:00,17.25481268
2019-08-16 00:00:00,17.25548298
2019-08-17 00:00:00,17.25481268
2019-08-18 00:00:00,13.0426382
2019-08-19 00:00:00,13.39366417
2019-08-20 00:00:00,15.55973511
2019-08-21 00:00:00,14.3573489
2019-08-22 00:00:00,16.96148934
2019-08-23 00:00:00,17.25481268
2019-08-24 00:00:00,17.25594494
2019-08-25 00:00:00,17.25481268
2019-08-26 00:00:00,14.74912096
2019-08-27 00:00:00,13.9369176
2019-08-28 00:00:00,13.52211236
2019-08-29 00:00:00,16.60265927
2019-08-30 00:00:00,12.38442336
2019-08-31 00:00:00,16.40158189
2019-09-01 00:00:00,13.63616526
2019-09-02 00:00:00,15.1542425
2019-09-03 00:00:00,15.30485812
2019-09-04 00:00:00,15.32859762
2019-09-05 00:00:00,15.04220725
2019-09-06 00:00:00,15.48138898
2019-09-07 00:00:00,16.06202678
2019-09-08 00:00:00,14.94077498
2019-09-09 00:00:00,15.11225805
2019-09-10 00:00:00,13.52293921
2019-09-11 00:00:00,16.03337332
2019-09-12 00:00:00,16.03337332
2019-09-13 00:00:00,14.52722562
2019-09-14 00:00:00,15.85110703
2019-09-15 00:00:00,14.2503599
2019-09-16 00:00:00,14.58606667
2019-09-17 00:00:00,13.5706408
2019-09-18 00:00:00,15.34520446
2019-09-19 00:00:00,15.3744876
2019-09-20 00:00:00,16.71860871
2019-09-21 00:00:00,15.84731531
2019-09-22 00:00:00,15.44722057
2019-09-23 00:00:00,14.61075857
2019-09-24 00:00:00,14.97353346
2019-09-25 00:00:00,16.4869563
2019-09-26 00:00:00,15.94083506
2019-09-27 00:00:00,16.63564689
2019-09-28 00:00:00,16.23113114
2019-09-29 00:00:00,15.54265958
2019-09-30 00:00:00,16.37274761
2019-10-01 00:00:00,16.85747002
2019-10-02 00:00:00,15.76226382
2019-10-03 00:00:00,15.28405634
2019-10-04 00:00:00,15.56939301
2019-10-05 00:00:00,16.45762484
2019-10-06 00:00:00,18.14708366
2019-10-07 00:00:00,19.83869128
2019-10-08 00:00:00,16.24840887
2019-10-09 00:00:00,15.54558669
2019-10-10 00:00:00,16.18152493
2019-10-11 00:00:00,16.63959092
2019-10-12 00:00:00,16.12883543
2019-10-13 00:00:00,16.21782267
2019-10-14 00:00:00,15.44959774
2019-10-15 00:00:00,15.10129305
2019-10-16 00:00:00,15.21516225
2019-10-17 00:00:00,14.550062
2019-10-18 00:00:00,16.7224322
2019-10-19 00:00:00,16.57337228
2019-10-20 00:00:00,16.7632844
2019-10-21 00:00:00,17.36089125