name,datetime,Mean Area-Weighted Radiance
Guangzhou,2013/2/15,7.16182566
Guangzhou,2013/2/16,7.51978432
Guangzhou,2013/2/17,8.246228538
Guangzhou,2013/2/18,8.825890432
Guangzhou,2013/2/19,8.834365453
Guangzhou,2013/2/20,8.562264347
Guangzhou,2013/2/21,8.853683951
Guangzhou,2013/2/22,8.762728134
Guangzhou,2013/2/23,8.52653693
Guangzhou,2013/2/24,9.07646016
Guangzhou,2013/2/25,9.086945225
Guangzhou,2013/2/26,8.459141531
Guangzhou,2013/2/27,8.520196324
Guangzhou,2013/2/28,8.201761305
Guangzhou,2013/3/1,8.10222577
Guangzhou,2013/3/2,8.530831538
Guangzhou,2013/3/3,8.527354606
Guangzhou,2013/3/4,9.021639693
Guangzhou,2013/3/5,8.694114814
Guangzhou,2013/3/6,8.412956862
Guangzhou,2013/3/7,8.363247322
Guangzhou,2013/3/8,8.952370378
Guangzhou,2013/3/9,9.200070099
Guangzhou,2013/3/10,8.447266461
Guangzhou,2013/3/11,8.115960057
Guangzhou,2013/3/12,8.739367387
Guangzhou,2013/3/13,9.144194298
Guangzhou,2013/3/14,8.858168505
Guangzhou,2013/3/15,8.318804963
Guangzhou,2013/3/16,9.012301319
Guangzhou,2013/3/17,8.845544729
Guangzhou,2013/3/18,8.57430856
Guangzhou,2013/3/19,8.25033953
Guangzhou,2013/3/20,8.668377243
Guangzhou,2013/3/21,8.831192663
Guangzhou,2013/3/22,8.757692055
Guangzhou,2013/3/23,8.798341357
Guangzhou,2013/3/24,9.070446986
Guangzhou,2013/3/25,9.141374265
Guangzhou,2013/3/26,8.966838222
Guangzhou,2013/3/27,9.229205909
Guangzhou,2013/3/28,9.181439254
Guangzhou,2013/3/29,9.442582011
Guangzhou,2013/3/30,9.319599348
Guangzhou,2013/3/31,9.383656884
Guangzhou,2013/4/1,9.27965805
Guangzhou,2013/4/2,9.204742113
Guangzhou,2013/4/3,8.956731919
Guangzhou,2013/4/4,9.241451601
Guangzhou,2013/4/5,9.073696659
Guangzhou,2013/4/6,8.593270455
Guangzhou,2013/4/7,9.105050098
Guangzhou,2013/4/8,9.078546409
Guangzhou,2013/4/9,9.222983115
Guangzhou,2013/4/10,9.36764233
Guangzhou,2013/4/11,9.156894505
Guangzhou,2013/4/12,9.087674259
Guangzhou,2013/4/13,9.377220173
Guangzhou,2013/4/14,8.578472239
Guangzhou,2013/4/15,6.840652015
Guangzhou,2013/4/16,9.23068953
Guangzhou,2013/4/17,7.955145637
Guangzhou,2013/4/18,8.915260646
Guangzhou,2013/4/19,9.148435087
Guangzhou,2013/4/20,9.153671966
Guangzhou,2013/4/21,9.222559805
Guangzhou,2013/4/22,8.955167345
Guangzhou,2013/4/23,8.679984804
Guangzhou,2013/4/24,8.816846702
Guangzhou,2013/4/25,9.216369121
Guangzhou,2013/4/26,8.974338635
Guangzhou,2013/4/27,8.798347689
Guangzhou,2013/4/28,9.216683212
Guangzhou,2013/4/29,9.133770965
Guangzhou,2013/4/30,8.601234881
Guangzhou,2013/5/1,9.216369121
Guangzhou,2013/5/2,9.21668683
Guangzhou,2013/5/3,9.055494325
Guangzhou,2013/5/4,8.739811727
Guangzhou,2013/5/5,8.983070084
Guangzhou,2013/5/6,7.940368678
Guangzhou,2013/5/7,9.220540715
Guangzhou,2013/5/8,8.601136515
Guangzhou,2013/5/9,7.882476274
Guangzhou,2013/5/10,8.589508151
Guangzhou,2013/5/11,9.103545674
Guangzhou,2013/5/12,9.12769244
Guangzhou,2013/5/13,9.087059646
Guangzhou,2013/5/14,8.894752266
Guangzhou,2013/5/15,9.206244276
Guangzhou,2013/5/16,8.797283986
Guangzhou,2013/5/17,7.437656056
Guangzhou,2013/5/18,9.188781604
Guangzhou,2013/5/19,9.171435388
Guangzhou,2013/5/20,8.263996708
Guangzhou,2013/5/21,9.172211456
Guangzhou,2013/5/22,8.700987271
Guangzhou,2013/5/23,8.240155892
Guangzhou,2013/5/24,9.182366376
Guangzhou,2013/5/25,9.011332364
Guangzhou,2013/5/26,9.182312105
Guangzhou,2013/5/27,8.778029709
Guangzhou,2013/5/28,8.473949243
Guangzhou,2013/5/29,9.180878911
Guangzhou,2013/5/30,9.124652838
Guangzhou,2013/5/31,8.770620425
Guangzhou,2013/6/1,9.117388728
Guangzhou,2013/6/2,8.842941327
Guangzhou,2013/6/3,8.915941514
Guangzhou,2013/6/4,9.178238876
Guangzhou,2013/6/5,8.177970237
Guangzhou,2013/6/6,7.942619322
Guangzhou,2013/6/7,9.117018784
Guangzhou,2013/6/8,9.122108455
Guangzhou,2013/6/9,9.118271981
Guangzhou,2013/6/10,8.725983823
Guangzhou,2013/6/11,9.11858969
Guangzhou,2013/6/12,9.060948287
Guangzhou,2013/6/13,8.479402527
Guangzhou,2013/6/14,8.251316626
Guangzhou,2013/6/15,9.200953804
Guangzhou,2013/6/16,9.203912905
Guangzhou,2013/6/17,7.448527121
Guangzhou,2013/6/18,9.560070461
Guangzhou,2013/6/19,8.461649507
Guangzhou,2013/6/20,8.843165871
Guangzhou,2013/6/21,8.685408691
Guangzhou,2013/6/22,9.068490985
Guangzhou,2013/6/23,9.197280821
Guangzhou,2013/6/24,9.02467025
Guangzhou,2013/6/25,8.076464004
Guangzhou,2013/6/26,8.994928646
Guangzhou,2013/6/27,8.116086236
Guangzhou,2013/6/28,9.104646914
Guangzhou,2013/6/29,9.177574967
Guangzhou,2013/6/30,9.1075029
Guangzhou,2013/7/1,9.187690088
Guangzhou,2013/7/2,8.165669597
Guangzhou,2013/7/3,8.90162902
Guangzhou,2013/7/4,11.11030846
Guangzhou,2013/7/5,9.664564061
Guangzhou,2013/7/6,8.906641355
Guangzhou,2013/7/7,9.729418016
Guangzhou,2013/7/8,9.562270227
Guangzhou,2013/7/9,9.698408743
Guangzhou,2013/7/10,8.781299734
Guangzhou,2013/7/11,8.407731289
Guangzhou,2013/7/12,9.206513594
Guangzhou,2013/7/13,9.616351483
Guangzhou,2013/7/14,9.616351483
Guangzhou,2013/7/15,9.549435021
Guangzhou,2013/7/16,9.617395965
Guangzhou,2013/7/17,8.262906322
Guangzhou,2013/7/18,8.340659251
Guangzhou,2013/7/19,9.362192891
Guangzhou,2013/7/20,9.361330216
Guangzhou,2013/7/21,9.362783535
Guangzhou,2013/7/22,8.199191821
Guangzhou,2013/7/23,9.302461847
Guangzhou,2013/7/24,7.843501444
Guangzhou,2013/7/25,9.362783535
Guangzhou,2013/7/26,8.752821728
Guangzhou,2013/7/27,9.317367925
Guangzhou,2013/7/28,8.506260783
Guangzhou,2013/7/29,8.497354312
Guangzhou,2013/7/30,9.379196977
Guangzhou,2013/7/31,9.585669416
Guangzhou,2013/8/1,9.056119115
Guangzhou,2013/8/2,9.361740637
Guangzhou,2013/8/3,7.669034369
Guangzhou,2013/8/4,9.023940538
Guangzhou,2013/8/5,10.1917692
Guangzhou,2013/8/6,9.085629843
Guangzhou,2013/8/7,7.063030692
Guangzhou,2013/8/8,8.379651719
Guangzhou,2013/8/9,9.139358568
Guangzhou,2013/8/10,9.293577988
Guangzhou,2013/8/11,9.185433791
Guangzhou,2013/8/12,8.138741014
Guangzhou,2013/8/13,9.298984011
Guangzhou,2013/8/14,9.338466948
Guangzhou,2013/8/15,9.33867589
Guangzhou,2013/8/16,9.338466948
Guangzhou,2013/8/17,9.338729256
Guangzhou,2013/8/18,9.33867589
Guangzhou,2013/8/19,9.338466948
Guangzhou,2013/8/20,9.3397613
Guangzhou,2013/8/21,9.344244046
Guangzhou,2013/8/22,9.338729256
Guangzhou,2013/8/23,8.994041549
Guangzhou,2013/8/24,8.207832141
Guangzhou,2013/8/25,8.16428208
Guangzhou,2013/8/26,8.822846308
Guangzhou,2013/8/27,9.013004575
Guangzhou,2013/8/28,8.608050806
Guangzhou,2013/8/29,9.338729256
Guangzhou,2013/8/30,9.338736039
Guangzhou,2013/8/31,9.342098098
Guangzhou,2013/9/1,6.457935142
Guangzhou,2013/9/2,8.954455723
Guangzhou,2013/9/3,9.017230213
Guangzhou,2013/9/4,9.041533459
Guangzhou,2013/9/5,9.04302816
Guangzhou,2013/9/6,7.198401733
Guangzhou,2013/9/7,6.918824184
Guangzhou,2013/9/8,7.658556992
Guangzhou,2013/9/9,8.322399933
Guangzhou,2013/9/10,8.657067718
Guangzhou,2013/9/11,9.064987823
Guangzhou,2013/9/12,8.995403965
Guangzhou,2013/9/13,8.516171938
Guangzhou,2013/9/14,8.350199557
Guangzhou,2013/9/15,8.984822117
Guangzhou,2013/9/16,8.978755125
Guangzhou,2013/9/17,8.994348629
Guangzhou,2013/9/18,8.784594859
Guangzhou,2013/9/19,8.433008916
Guangzhou,2013/9/20,8.407499282
Guangzhou,2013/9/21,9.010408861
Guangzhou,2013/9/22,8.985430851
Guangzhou,2013/9/23,8.280975467
Guangzhou,2013/9/24,8.539962327
Guangzhou,2013/9/25,8.751562878
Guangzhou,2013/9/26,8.68928632
Guangzhou,2013/9/27,9.082748531
Guangzhou,2013/9/28,9.043754932
Guangzhou,2013/9/29,8.984961185
Guangzhou,2013/9/30,8.384089691
Guangzhou,2013/10/1,8.853905782
Guangzhou,2013/10/2,9.948426494
Guangzhou,2013/10/3,8.184217227
Guangzhou,2013/10/4,9.020982342
Guangzhou,2013/10/5,8.873815376
Guangzhou,2013/10/6,8.848471719
Guangzhou,2013/10/7,8.79292742
Guangzhou,2013/10/8,9.253827768
Guangzhou,2013/10/9,8.937323875
Guangzhou,2013/10/10,8.270633767
Guangzhou,2013/10/11,8.803599719
Guangzhou,2013/10/12,9.222151419
Guangzhou,2013/10/13,9.375706252
Guangzhou,2013/10/14,9.267395173
Guangzhou,2013/10/15,8.585691576
Guangzhou,2013/10/16,9.206420655
Guangzhou,2013/10/17,9.26620891
Guangzhou,2013/10/18,9.267526553
Guangzhou,2013/10/19,8.956421447
Guangzhou,2013/10/20,9.054350348
Guangzhou,2013/10/21,8.995040805
Guangzhou,2013/10/22,9.078901429
Guangzhou,2013/10/23,9.523060451
Guangzhou,2013/10/24,9.358086874
Guangzhou,2013/10/25,9.856799531
Guangzhou,2013/10/26,8.869468759
Guangzhou,2013/10/27,8.672893908
Guangzhou,2013/10/28,9.102148434
Guangzhou,2013/10/29,9.193619143
Guangzhou,2013/10/30,8.512947817
Guangzhou,2013/10/31,8.711131111
Guangzhou,2013/11/1,8.993674544
Guangzhou,2013/11/2,9.255039131
Guangzhou,2013/11/3,9.247936024
Guangzhou,2013/11/4,8.892698353
Guangzhou,2013/11/5,8.57739203
Guangzhou,2013/11/6,8.794526139
Guangzhou,2013/11/7,8.74734945
Guangzhou,2013/11/8,9.425076601
Guangzhou,2013/11/9,9.353941058
Guangzhou,2013/11/10,9.354365951
Guangzhou,2013/11/11,9.354418412
Guangzhou,2013/11/12,9.116028573
Guangzhou,2013/11/13,9.114164607
Guangzhou,2013/11/14,8.981676914
Guangzhou,2013/11/15,10.22505218
Guangzhou,2013/11/16,9.688592336
Guangzhou,2013/11/17,9.680494495
Guangzhou,2013/11/18,9.431796648
Guangzhou,2013/11/19,9.423541197
Guangzhou,2013/11/20,9.336339996
Guangzhou,2013/11/21,9.17321433
Guangzhou,2013/11/22,8.767745444
Guangzhou,2013/11/23,9.219296564
Guangzhou,2013/11/24,9.451064041
Guangzhou,2013/11/25,10.47638192
Guangzhou,2013/11/26,9.319864821
Guangzhou,2013/11/27,9.354476301
Guangzhou,2013/11/28,9.075625072
Guangzhou,2013/11/29,9.563136746
Guangzhou,2013/11/30,10.44022486
Guangzhou,2013/12/1,10.87540008
Guangzhou,2013/12/2,8.996865425
Guangzhou,2013/12/3,8.533613128
Guangzhou,2013/12/4,9.394206169
Guangzhou,2013/12/5,10.02761239
Guangzhou,2013/12/6,8.908618612
Guangzhou,2013/12/7,9.004621135
Guangzhou,2013/12/8,9.481740456
Guangzhou,2013/12/9,7.64770854
Guangzhou,2013/12/10,9.998358769
Guangzhou,2013/12/11,9.998844264
Guangzhou,2013/12/12,9.98718492
Guangzhou,2013/12/13,9.99878728
Guangzhou,2013/12/14,10.00034801
Guangzhou,2013/12/15,9.99106368
Guangzhou,2013/12/16,9.998844264
Guangzhou,2013/12/17,9.865707134
Guangzhou,2013/12/18,9.97051799
Guangzhou,2013/12/19,10.19670103
Guangzhou,2013/12/20,9.888746781
Guangzhou,2013/12/21,10.25801926
Guangzhou,2013/12/22,9.886745329
Guangzhou,2013/12/23,9.82237619
Guangzhou,2013/12/24,9.348832392
Guangzhou,2013/12/25,9.389988445
Guangzhou,2013/12/26,9.715795889
Guangzhou,2013/12/27,8.484387953
Guangzhou,2013/12/28,10.16511106
Guangzhou,2013/12/29,9.08499126
Guangzhou,2013/12/30,8.920607649
Guangzhou,2013/12/31,9.688602285
Guangzhou,2014/1/1,9.931117362
Guangzhou,2014/1/2,10.04772098
Guangzhou,2014/1/3,8.773047222
Guangzhou,2014/1/4,8.683310457
Guangzhou,2014/1/5,9.024144504
Guangzhou,2014/1/6,9.917740356
Guangzhou,2014/1/7,9.097079341
Guangzhou,2014/1/8,9.987125901
Guangzhou,2014/1/9,9.33367079
Guangzhou,2014/1/10,9.639875268
Guangzhou,2014/1/11,9.668639099
Guangzhou,2014/1/12,10.72535903
Guangzhou,2014/1/13,9.968212623
Guangzhou,2014/1/14,9.614674072
Guangzhou,2014/1/15,9.156647122
Guangzhou,2014/1/16,8.950266491
Guangzhou,2014/1/17,9.606158574
Guangzhou,2014/1/18,9.982069697
Guangzhou,2014/1/19,9.299334508
Guangzhou,2014/1/20,9.109412544
Guangzhou,2014/1/21,9.793440955
Guangzhou,2014/1/22,9.943113862
Guangzhou,2014/1/23,10.00016078
Guangzhou,2014/1/24,9.724045461
Guangzhou,2014/1/25,9.986126419
Guangzhou,2014/1/26,9.919954368
Guangzhou,2014/1/27,8.344900493
Guangzhou,2014/1/28,7.972813181
Guangzhou,2014/1/29,8.626814388
Guangzhou,2014/1/30,8.61974226
Guangzhou,2014/1/31,9.15662564
Guangzhou,2014/2/1,9.048424233
Guangzhou,2014/2/2,9.839528615
Guangzhou,2014/2/3,9.077224696
Guangzhou,2014/2/5,9.609647716
Guangzhou,2014/2/6,9.556267002
Guangzhou,2014/2/7,9.602850559
Guangzhou,2014/2/8,9.666593326
Guangzhou,2014/2/9,9.710000023
Guangzhou,2014/2/10,9.415318082
Guangzhou,2014/2/11,9.251598154
Guangzhou,2014/2/12,9.537522641
Guangzhou,2014/2/13,9.28048658
Guangzhou,2014/2/14,9.417919449
Guangzhou,2014/2/15,9.432410584
Guangzhou,2014/2/16,9.350585104
Guangzhou,2014/2/17,9.231477357
Guangzhou,2014/2/18,9.536738206
Guangzhou,2014/2/19,9.46287783
Guangzhou,2014/2/20,9.467151634
Guangzhou,2014/2/21,9.71844836
Guangzhou,2014/2/22,9.585316657
Guangzhou,2014/2/23,9.471133734
Guangzhou,2014/2/24,9.709080589
Guangzhou,2014/2/25,8.920291297
Guangzhou,2014/2/26,9.203073747
Guangzhou,2014/2/27,9.520884655
Guangzhou,2014/2/28,9.582135726
Guangzhou,2014/3/1,8.774695689
Guangzhou,2014/3/2,8.976367222
Guangzhou,2014/3/3,9.00877871
Guangzhou,2014/3/4,8.800877826
Guangzhou,2014/3/5,8.650304028
Guangzhou,2014/3/6,9.237707613
Guangzhou,2014/3/7,8.65379204
Guangzhou,2014/3/8,9.145647843
Guangzhou,2014/3/9,9.669463332
Guangzhou,2014/3/10,9.665581407
Guangzhou,2014/3/11,9.57995292
Guangzhou,2014/3/12,7.594017579
Guangzhou,2014/3/13,9.702567448
Guangzhou,2014/3/14,9.705483132
Guangzhou,2014/3/15,9.706857759
Guangzhou,2014/3/16,9.711359047
Guangzhou,2014/3/17,9.716510677
Guangzhou,2014/3/18,9.028453358
Guangzhou,2014/3/19,8.014913314
Guangzhou,2014/3/20,9.704879372
Guangzhou,2014/3/21,9.699621237
Guangzhou,2014/3/22,9.7008075
Guangzhou,2014/3/23,8.82924322
Guangzhou,2014/3/24,9.222186017
Guangzhou,2014/3/25,8.379564886
Guangzhou,2014/3/26,8.266263633
Guangzhou,2014/3/27,9.2318672
Guangzhou,2014/3/28,9.557404422
Guangzhou,2014/3/29,9.577318312
Guangzhou,2014/3/30,9.465412942
Guangzhou,2014/3/31,8.618413537
Guangzhou,2014/4/1,9.568677993
Guangzhou,2014/4/2,9.533591194
Guangzhou,2014/4/3,8.788515452
Guangzhou,2014/4/4,8.054592756
Guangzhou,2014/4/5,9.472452055
Guangzhou,2014/4/6,9.294376217
Guangzhou,2014/4/7,9.437919494
Guangzhou,2014/4/8,8.834286761
Guangzhou,2014/4/9,9.163834801
Guangzhou,2014/4/10,8.90980691
Guangzhou,2014/4/11,9.410758453
Guangzhou,2014/4/12,9.452238094
Guangzhou,2014/4/13,8.504732164
Guangzhou,2014/4/14,9.470712233
Guangzhou,2014/4/15,9.017181596
Guangzhou,2014/4/16,8.641295121
Guangzhou,2014/4/17,7.772987751
Guangzhou,2014/4/18,7.72295598
Guangzhou,2014/4/19,8.759332834
Guangzhou,2014/4/20,9.114857461
Guangzhou,2014/4/21,8.58846073
Guangzhou,2014/4/22,9.476143808
Guangzhou,2014/4/23,8.384254538
Guangzhou,2014/4/24,8.206323873
Guangzhou,2014/4/25,8.553933595
Guangzhou,2014/4/26,8.643220594
Guangzhou,2014/4/27,8.950635983
Guangzhou,2014/4/28,8.263387973
Guangzhou,2014/4/29,8.588239577
Guangzhou,2014/4/30,8.856001529
Guangzhou,2014/5/1,8.909645907
Guangzhou,2014/5/2,8.907377399
Guangzhou,2014/5/3,8.916920645
Guangzhou,2014/5/4,8.916789944
Guangzhou,2014/5/5,8.916116085
Guangzhou,2014/5/6,8.916694066
Guangzhou,2014/5/7,7.437408899
Guangzhou,2014/5/8,8.899445536
Guangzhou,2014/5/9,8.913404367
Guangzhou,2014/5/10,8.912937189
Guangzhou,2014/5/11,8.244128721
Guangzhou,2014/5/12,8.549974561
Guangzhou,2014/5/13,8.213752151
Guangzhou,2014/5/14,8.656332579
Guangzhou,2014/5/15,8.913269596
Guangzhou,2014/5/16,8.913404367
Guangzhou,2014/5/17,8.912862341
Guangzhou,2014/5/18,8.858444381
Guangzhou,2014/5/19,8.290035027
Guangzhou,2014/5/20,8.892706268
Guangzhou,2014/5/21,8.821338266
Guangzhou,2014/5/22,8.871481517
Guangzhou,2014/5/23,8.86031287
Guangzhou,2014/5/24,7.722278051
Guangzhou,2014/5/25,8.889785609
Guangzhou,2014/5/26,7.433981263
Guangzhou,2014/5/27,7.965983461
Guangzhou,2014/5/28,8.075768437
Guangzhou,2014/5/29,8.752987253
Guangzhou,2014/5/30,8.74816283
Guangzhou,2014/5/31,7.979330166
Guangzhou,2014/6/1,8.773361765
Guangzhou,2014/6/2,8.269049972
Guangzhou,2014/6/3,7.706304878
Guangzhou,2014/6/4,8.720587071
Guangzhou,2014/6/5,8.719444451
Guangzhou,2014/6/6,8.716598414
Guangzhou,2014/6/7,7.78662028
Guangzhou,2014/6/8,8.301186942
Guangzhou,2014/6/9,8.659324015
Guangzhou,2014/6/10,8.660938337
Guangzhou,2014/6/11,7.954959082
Guangzhou,2014/6/12,7.837431286
Guangzhou,2014/6/13,8.627436012
Guangzhou,2014/6/14,8.649015781
Guangzhou,2014/6/15,8.661384939
Guangzhou,2014/6/16,7.472905893
Guangzhou,2014/6/17,8.659254368
Guangzhou,2014/6/18,8.531393011
Guangzhou,2014/6/19,8.621009703
Guangzhou,2014/6/20,8.636459165
Guangzhou,2014/6/21,8.659416275
Guangzhou,2014/6/22,8.556852671
Guangzhou,2014/6/23,8.659416275
Guangzhou,2014/6/24,8.23669999
Guangzhou,2014/6/25,8.434513567
Guangzhou,2014/6/26,8.274834984
Guangzhou,2014/6/27,8.350943516
Guangzhou,2014/6/28,8.59894376
Guangzhou,2014/6/29,8.488704495
Guangzhou,2014/6/30,8.575495501
Guangzhou,2014/7/1,8.528141755
Guangzhou,2014/7/2,8.638244665
Guangzhou,2014/7/3,8.395475195
Guangzhou,2014/7/4,8.639893132
Guangzhou,2014/7/5,8.585899613
Guangzhou,2014/7/6,8.651893928
Guangzhou,2014/7/7,8.365172117
Guangzhou,2014/7/8,8.489793749
Guangzhou,2014/7/9,7.525103057
Guangzhou,2014/7/10,8.004513951
Guangzhou,2014/7/11,7.425251171
Guangzhou,2014/7/12,8.304464203
Guangzhou,2014/7/13,7.847165383
Guangzhou,2014/7/14,8.622557996
Guangzhou,2014/7/15,8.640737717
Guangzhou,2014/7/16,8.577003091
Guangzhou,2014/7/17,8.258333804
Guangzhou,2014/7/18,8.640737717
Guangzhou,2014/7/19,8.640737717
Guangzhou,2014/7/20,7.714319956
Guangzhou,2014/7/21,8.627908617
Guangzhou,2014/7/22,7.967391103
Guangzhou,2014/7/23,8.618785516
Guangzhou,2014/7/24,8.618785516
Guangzhou,2014/7/25,7.733511371
Guangzhou,2014/7/26,8.205999154
Guangzhou,2014/7/27,8.17507106
Guangzhou,2014/7/28,8.754759412
Guangzhou,2014/7/29,7.175935997
Guangzhou,2014/7/31,8.649101257
Guangzhou,2014/8/1,8.346380495
Guangzhou,2014/8/2,8.616623966
Guangzhou,2014/8/3,6.750364856
Guangzhou,2014/8/4,7.825084967
Guangzhou,2014/8/5,8.460788189
Guangzhou,2014/8/6,8.460788189
Guangzhou,2014/8/7,8.434169175
Guangzhou,2014/8/8,8.460788189
Guangzhou,2014/8/9,8.460788189
Guangzhou,2014/8/10,8.460838841
Guangzhou,2014/8/11,8.460788189
Guangzhou,2014/8/12,8.460788189
Guangzhou,2014/8/13,8.460788189
Guangzhou,2014/8/14,8.343605688
Guangzhou,2014/8/15,7.750949621
Guangzhou,2014/8/16,8.458312548
Guangzhou,2014/8/17,8.422716963
Guangzhou,2014/8/18,8.469002485
Guangzhou,2014/8/19,8.460788189
Guangzhou,2014/8/20,8.464597075
Guangzhou,2014/8/21,7.428737147
Guangzhou,2014/8/22,7.29162651
Guangzhou,2014/8/23,8.079094089
Guangzhou,2014/8/24,8.48896228
Guangzhou,2014/8/25,8.416987805
Guangzhou,2014/8/26,8.26863141
Guangzhou,2014/8/27,8.36397319
Guangzhou,2014/8/28,7.994188757
Guangzhou,2014/8/29,8.570987203
Guangzhou,2014/8/30,8.503195856
Guangzhou,2014/8/31,7.891710177
Guangzhou,2014/9/1,7.789232502
Guangzhou,2014/9/2,8.189115142
Guangzhou,2014/9/3,8.535260691
Guangzhou,2014/9/4,7.629667435
Guangzhou,2014/9/5,7.883376938
Guangzhou,2014/9/6,8.32593204
Guangzhou,2014/9/7,7.908087439
Guangzhou,2014/9/8,7.707848196
Guangzhou,2014/9/9,8.188411886
Guangzhou,2014/9/11,8.308979737
Guangzhou,2014/9/12,7.64917701
Guangzhou,2014/9/13,8.030465664
Guangzhou,2014/9/14,8.112473854
Guangzhou,2014/9/15,8.305375043
Guangzhou,2014/9/16,7.357582158
Guangzhou,2014/9/17,8.279862243
Guangzhou,2014/9/18,7.926631677
Guangzhou,2014/9/19,8.361775008
Guangzhou,2014/9/20,8.06277856
Guangzhou,2014/9/21,8.390192864
Guangzhou,2014/9/22,8.04908068
Guangzhou,2014/9/23,7.995864586
Guangzhou,2014/9/24,8.164409616
Guangzhou,2014/9/25,6.296112648
Guangzhou,2014/9/27,8.017787391
Guangzhou,2014/9/28,7.956380292
Guangzhou,2014/9/29,8.120337201
Guangzhou,2014/9/30,7.980101712
Guangzhou,2014/10/1,7.886218
Guangzhou,2014/10/2,7.694164336
Guangzhou,2014/10/3,7.906340154
Guangzhou,2014/10/4,8.200508786
Guangzhou,2014/10/5,9.635679704
Guangzhou,2014/10/6,8.654035805
Guangzhou,2014/10/7,8.209979219
Guangzhou,2014/10/8,8.398918208
Guangzhou,2014/10/10,8.953789326
Guangzhou,2014/10/11,9.892494613
Guangzhou,2014/10/12,9.155428748
Guangzhou,2014/10/13,8.397167079
Guangzhou,2014/10/14,8.234262113
Guangzhou,2014/10/16,8.262291482
Guangzhou,2014/10/17,7.449698686
Guangzhou,2014/10/18,8.097695764
Guangzhou,2014/10/19,8.101431837
Guangzhou,2014/10/20,8.45826981
Guangzhou,2014/10/21,8.565929643
Guangzhou,2014/10/22,8.397004719
Guangzhou,2014/10/23,8.517701915
Guangzhou,2014/10/24,8.224731983
Guangzhou,2014/10/25,8.515910987
Guangzhou,2014/10/26,8.499908418
Guangzhou,2014/10/27,8.149021435
Guangzhou,2014/10/28,8.555267294
Guangzhou,2014/10/29,8.140136219
Guangzhou,2014/10/31,8.019769395
Guangzhou,2014/11/1,6.008700696
Guangzhou,2014/11/2,8.289261898
Guangzhou,2014/11/3,8.290173643
Guangzhou,2014/11/4,8.301333472
Guangzhou,2014/11/5,8.301333472
Guangzhou,2014/11/6,8.301333472
Guangzhou,2014/11/7,8.301333472
Guangzhou,2014/11/8,8.298726452
Guangzhou,2014/11/9,8.255637238
Guangzhou,2014/11/10,8.299365713
Guangzhou,2014/11/11,8.296432617
Guangzhou,2014/11/13,8.274356725
Guangzhou,2014/11/14,8.298628765
Guangzhou,2014/11/15,8.059379869
Guangzhou,2014/11/16,8.84846991
Guangzhou,2014/11/17,9.722624025
Guangzhou,2014/11/18,8.816135758
Guangzhou,2014/11/19,8.185708536
Guangzhou,2014/11/20,7.854428362
Guangzhou,2014/11/21,8.220760963
Guangzhou,2014/11/22,8.631649213
Guangzhou,2014/11/23,9.12068001
Guangzhou,2014/11/24,8.543691617
Guangzhou,2014/11/25,8.274453507
Guangzhou,2014/11/26,8.540160867
Guangzhou,2014/11/27,8.828782599
Guangzhou,2014/11/28,8.639555072
Guangzhou,2014/11/29,8.852764518
Guangzhou,2014/11/30,8.841746697
Guangzhou,2014/12/1,8.861367979
Guangzhou,2014/12/2,8.351767523
Guangzhou,2014/12/3,8.75783135
Guangzhou,2014/12/4,8.490125704
Guangzhou,2014/12/5,8.857304926
Guangzhou,2014/12/6,8.86498217
Guangzhou,2014/12/7,8.874953927
Guangzhou,2014/12/8,8.850348123
Guangzhou,2014/12/9,8.736470697
Guangzhou,2014/12/10,7.66246153
Guangzhou,2014/12/11,8.392486472
Guangzhou,2014/12/12,8.639417135
Guangzhou,2014/12/13,9.2624154
Guangzhou,2014/12/14,8.920575765
Guangzhou,2014/12/15,8.83835705
Guangzhou,2014/12/16,8.46753492
Guangzhou,2014/12/17,8.347077645
Guangzhou,2014/12/18,8.756200747
Guangzhou,2014/12/19,8.893366785
Guangzhou,2014/12/20,8.522997135
Guangzhou,2014/12/21,8.363057828
Guangzhou,2014/12/22,8.874665388
Guangzhou,2014/12/23,8.825082706
Guangzhou,2014/12/24,8.863662039
Guangzhou,2014/12/25,8.885812554
Guangzhou,2014/12/26,8.86677468
Guangzhou,2014/12/27,8.29594961
Guangzhou,2014/12/28,8.104856534
Guangzhou,2014/12/29,9.254566525
Guangzhou,2014/12/30,10.11721122
Guangzhou,2014/12/31,9.730877215
Guangzhou,2015/1/1,8.368318677
Guangzhou,2015/1/2,8.011999891
Guangzhou,2015/1/3,8.286353224
Guangzhou,2015/1/4,8.999601338
Guangzhou,2015/1/5,9.004456288
Guangzhou,2015/1/6,8.440205414
Guangzhou,2015/1/7,8.774285268
Guangzhou,2015/1/8,8.893801402
Guangzhou,2015/1/9,9.016092567
Guangzhou,2015/1/10,8.999193178
Guangzhou,2015/1/11,9.015849933
Guangzhou,2015/1/12,8.986274532
Guangzhou,2015/1/13,8.165906352
Guangzhou,2015/1/14,9.497270193
Guangzhou,2015/1/15,10.51607018
Guangzhou,2015/1/16,9.369528909
Guangzhou,2015/1/17,8.309972209
Guangzhou,2015/1/18,8.736116808
Guangzhou,2015/1/19,8.430725032
Guangzhou,2015/1/20,9.134798261
Guangzhou,2015/1/21,9.394406744
Guangzhou,2015/1/22,8.441009974
Guangzhou,2015/1/23,8.353678524
Guangzhou,2015/1/24,9.337924921
Guangzhou,2015/1/25,8.868952059
Guangzhou,2015/1/26,9.37649634
Guangzhou,2015/1/27,9.521884137
Guangzhou,2015/1/28,9.243906664
Guangzhou,2015/1/29,8.55350011
Guangzhou,2015/1/30,9.39929878
Guangzhou,2015/1/31,9.48735135
Guangzhou,2015/2/1,8.739375753
Guangzhou,2015/2/2,9.519351739
Guangzhou,2015/2/3,9.450777538
Guangzhou,2015/2/5,9.519351739
Guangzhou,2015/2/6,9.467297938
Guangzhou,2015/2/7,9.519351739
Guangzhou,2015/2/8,8.13694873
Guangzhou,2015/2/9,8.465408193
Guangzhou,2015/2/10,9.376937967
Guangzhou,2015/2/11,8.05740216
Guangzhou,2015/2/12,8.415392704
Guangzhou,2015/2/13,9.512456668
Guangzhou,2015/2/14,9.501195987
Guangzhou,2015/2/15,8.794337775
Guangzhou,2015/2/16,8.436740241
Guangzhou,2015/2/17,9.093493869
Guangzhou,2015/2/18,9.527691762
Guangzhou,2015/2/19,9.532250712
Guangzhou,2015/2/20,9.34161283
Guangzhou,2015/2/21,8.703395526
Guangzhou,2015/2/22,9.499344005
Guangzhou,2015/2/23,9.409445785
Guangzhou,2015/2/24,9.286187473
Guangzhou,2015/2/25,9.349606426
Guangzhou,2015/2/26,8.987866694
Guangzhou,2015/2/27,9.345569829
Guangzhou,2015/2/28,9.497502425
Guangzhou,2015/3/1,9.520032608
Guangzhou,2015/3/2,9.519874545
Guangzhou,2015/3/3,9.486128906
Guangzhou,2015/3/4,9.485725721
Guangzhou,2015/3/5,9.494000393
Guangzhou,2015/3/6,9.483687637
Guangzhou,2015/3/7,9.474188712
Guangzhou,2015/3/8,9.077359694
Guangzhou,2015/3/9,9.516142089
Guangzhou,2015/3/10,9.51606905
Guangzhou,2015/3/11,9.49968003
Guangzhou,2015/3/12,9.492202004
Guangzhou,2015/3/13,9.432783015
Guangzhou,2015/3/14,9.414565531
Guangzhou,2015/3/15,9.181620382
Guangzhou,2015/3/16,9.213680921
Guangzhou,2015/3/17,8.15132454
Guangzhou,2015/3/18,7.753984248
Guangzhou,2015/3/19,8.160216087
Guangzhou,2015/3/20,7.080273116
Guangzhou,2015/3/21,9.361078988
Guangzhou,2015/3/22,8.770532236
Guangzhou,2015/3/23,9.225345692
Guangzhou,2015/3/24,9.347250633
Guangzhou,2015/3/25,9.347327516
Guangzhou,2015/3/26,9.347327516
Guangzhou,2015/3/27,9.329408519
Guangzhou,2015/3/28,7.749762906
Guangzhou,2015/3/29,8.621234926
Guangzhou,2015/3/30,8.976579555
Guangzhou,2015/3/31,8.980495852
Guangzhou,2015/4/1,9.11442307
Guangzhou,2015/4/2,9.132847914
Guangzhou,2015/4/3,8.710930084
Guangzhou,2015/4/4,8.972524868
Guangzhou,2015/4/5,7.848101775
Guangzhou,2015/4/6,7.692740187
Guangzhou,2015/4/7,9.244499795
Guangzhou,2015/4/8,9.192402127
Guangzhou,2015/4/9,9.152502889
Guangzhou,2015/4/10,9.246213839
Guangzhou,2015/4/11,8.906555653
Guangzhou,2015/4/12,8.16909271
Guangzhou,2015/4/13,8.569223638
Guangzhou,2015/4/14,8.528035249
Guangzhou,2015/4/15,9.445223402
Guangzhou,2015/4/16,9.538569158
Guangzhou,2015/4/17,9.422804927
Guangzhou,2015/4/18,8.638017181
Guangzhou,2015/4/19,8.124249201
Guangzhou,2015/4/20,8.452837783
Guangzhou,2015/4/21,9.53147894
Guangzhou,2015/4/22,9.644262814
Guangzhou,2015/4/23,9.628626797
Guangzhou,2015/4/24,9.215458959
Guangzhou,2015/4/25,9.508263366
Guangzhou,2015/4/26,8.581182374
Guangzhou,2015/4/27,9.624882583
Guangzhou,2015/4/28,8.025145796
Guangzhou,2015/4/29,7.986061294
Guangzhou,2015/4/30,9.629824593
Guangzhou,2015/5/1,9.120578479
Guangzhou,2015/5/2,7.482356426
Guangzhou,2015/5/3,8.757680297
Guangzhou,2015/5/4,9.618931594
Guangzhou,2015/5/5,8.916701076
Guangzhou,2015/5/6,9.542225634
Guangzhou,2015/5/7,7.331213466
Guangzhou,2015/5/8,8.967737304
Guangzhou,2015/5/9,9.51291141
Guangzhou,2015/5/10,8.968071746
Guangzhou,2015/5/11,8.79632272
Guangzhou,2015/5/12,9.629133096
Guangzhou,2015/5/13,9.488484247
Guangzhou,2015/5/14,8.748745786
Guangzhou,2015/5/15,9.616573314
Guangzhou,2015/5/16,9.068923114
Guangzhou,2015/5/17,9.616458215
Guangzhou,2015/5/18,9.616341986
Guangzhou,2015/5/19,9.616341986
Guangzhou,2015/5/20,9.616341986
Guangzhou,2015/5/21,9.616349222
Guangzhou,2015/5/22,9.616345604
Guangzhou,2015/5/23,9.616345604
Guangzhou,2015/5/24,7.695393789
Guangzhou,2015/5/25,9.391889044
Guangzhou,2015/5/26,8.735454708
Guangzhou,2015/5/27,9.305071807
Guangzhou,2015/5/28,8.715854682
Guangzhou,2015/5/29,7.991677841
Guangzhou,2015/5/30,9.535349333
Guangzhou,2015/5/31,9.471395137
Guangzhou,2015/6/1,9.447771856
Guangzhou,2015/6/2,9.481955729
Guangzhou,2015/6/3,9.53834891
Guangzhou,2015/6/4,8.76027375
Guangzhou,2015/6/5,9.512084915
Guangzhou,2015/6/6,7.659563936
Guangzhou,2015/6/7,8.370107569
Guangzhou,2015/6/8,9.375991172
Guangzhou,2015/6/9,9.535967564
Guangzhou,2015/6/10,8.596482818
Guangzhou,2015/6/11,9.494311997
Guangzhou,2015/6/12,9.509267597
Guangzhou,2015/6/13,9.405254065
Guangzhou,2015/6/14,8.078595705
Guangzhou,2015/6/15,8.164137585
Guangzhou,2015/6/16,7.729847206
Guangzhou,2015/6/17,8.253080191
Guangzhou,2015/6/18,9.022735732
Guangzhou,2015/6/19,8.946281451
Guangzhou,2015/6/20,8.567112288
Guangzhou,2015/6/21,8.498527912
Guangzhou,2015/6/22,9.03633977
Guangzhou,2015/6/23,9.135395915
Guangzhou,2015/6/24,7.86692302
Guangzhou,2015/6/25,7.69887253
Guangzhou,2015/6/26,7.404552619
Guangzhou,2015/6/27,8.763945151
Guangzhou,2015/6/28,8.303180479
Guangzhou,2015/6/29,8.647719394
Guangzhou,2015/6/30,7.96629122
Guangzhou,2015/7/1,8.034407061
Guangzhou,2015/7/2,8.875217139
Guangzhou,2015/7/3,8.205941492
Guangzhou,2015/7/4,8.879816113
Guangzhou,2015/7/5,8.779639282
Guangzhou,2015/7/6,8.861400315
Guangzhou,2015/7/7,8.893536833
Guangzhou,2015/7/8,8.88951697
Guangzhou,2015/7/9,8.886354581
Guangzhou,2015/7/10,8.030021776
Guangzhou,2015/7/11,8.375878108
Guangzhou,2015/7/12,7.172148367
Guangzhou,2015/7/13,8.670349977
Guangzhou,2015/7/14,8.684444711
Guangzhou,2015/7/15,8.5667636
Guangzhou,2015/7/16,8.686518975
Guangzhou,2015/7/17,8.686518975
Guangzhou,2015/7/18,8.642810399
Guangzhou,2015/7/19,7.761098209
Guangzhou,2015/7/20,8.654505697
Guangzhou,2015/7/21,8.654505697
Guangzhou,2015/7/22,7.038059241
Guangzhou,2015/7/23,8.56430017
Guangzhou,2015/7/24,8.52197504
Guangzhou,2015/7/25,8.151628229
Guangzhou,2015/7/26,8.841168716
Guangzhou,2015/7/27,7.953726011
Guangzhou,2015/7/28,7.928706846
Guangzhou,2015/7/29,7.751069242
Guangzhou,2015/7/30,7.460908715
Guangzhou,2015/7/31,8.562679064
Guangzhou,2015/8/1,8.552984314
Guangzhou,2015/8/2,8.529601179
Guangzhou,2015/8/3,7.621475525
Guangzhou,2015/8/4,7.729158875
Guangzhou,2015/8/5,7.349309973
Guangzhou,2015/8/6,8.475641579
Guangzhou,2015/8/7,8.244164901
Guangzhou,2015/8/8,8.518150551
Guangzhou,2015/8/9,8.581054612
Guangzhou,2015/8/10,8.581054612
Guangzhou,2015/8/11,7.257927002
Guangzhou,2015/8/12,8.51097237
Guangzhou,2015/8/13,8.511198949
Guangzhou,2015/8/14,8.508734615
Guangzhou,2015/8/15,8.510997017
Guangzhou,2015/8/16,8.510997017
Guangzhou,2015/8/17,7.056230822
Guangzhou,2015/8/18,7.241558559
Guangzhou,2015/8/19,7.30127287
Guangzhou,2015/8/20,8.332519125
Guangzhou,2015/8/21,8.959016256
Guangzhou,2015/8/22,9.005757198
Guangzhou,2015/8/23,8.053257023
Guangzhou,2015/8/24,7.573514853
Guangzhou,2015/8/25,7.833428156
Guangzhou,2015/8/26,8.341404793
Guangzhou,2015/8/27,8.18492003
Guangzhou,2015/8/28,8.092604963
Guangzhou,2015/8/29,8.563758822
Guangzhou,2015/8/30,8.55659466
Guangzhou,2015/8/31,8.563758822
Guangzhou,2015/9/1,8.563758822
Guangzhou,2015/9/2,8.561791741
Guangzhou,2015/9/3,7.274181928
Guangzhou,2015/9/4,7.560106642
Guangzhou,2015/9/5,7.799791058
Guangzhou,2015/9/6,8.501522288
Guangzhou,2015/9/7,7.042764948
Guangzhou,2015/9/8,7.505449439
Guangzhou,2015/9/9,8.405665164
Guangzhou,2015/9/10,7.653918445
Guangzhou,2015/9/11,7.882426299
Guangzhou,2015/9/12,7.42072614
Guangzhou,2015/9/13,8.317988418
Guangzhou,2015/9/14,7.712467296
Guangzhou,2015/9/15,8.134053624
Guangzhou,2015/9/16,7.788648415
Guangzhou,2015/9/17,7.406883085
Guangzhou,2015/9/18,6.357802632
Guangzhou,2015/9/19,8.039741627
Guangzhou,2015/9/20,8.042651658
Guangzhou,2015/9/21,6.645484353
Guangzhou,2015/9/22,8.461828148
Guangzhou,2015/9/23,8.162804565
Guangzhou,2015/9/24,8.237620328
Guangzhou,2015/9/25,8.073702765
Guangzhou,2015/9/26,7.629827533
Guangzhou,2015/9/27,7.651354841
Guangzhou,2015/9/28,8.339669719
Guangzhou,2015/9/29,8.297843425
Guangzhou,2015/9/30,8.24330607
Guangzhou,2015/10/1,7.875867254
Guangzhou,2015/10/2,8.043725536
Guangzhou,2015/10/3,8.300963754
Guangzhou,2015/10/4,8.300963754
Guangzhou,2015/10/5,7.669984556
Guangzhou,2015/10/6,7.849523211
Guangzhou,2015/10/7,7.367238919
Guangzhou,2015/10/8,9.154391729
Guangzhou,2015/10/9,8.373527969
Guangzhou,2015/10/10,8.428892045
Guangzhou,2015/10/11,8.393921701
Guangzhou,2015/10/12,8.428856317
Guangzhou,2015/10/13,8.202993698
Guangzhou,2015/10/14,8.361345819
Guangzhou,2015/10/15,8.144483062
Guangzhou,2015/10/16,7.935080467
Guangzhou,2015/10/17,7.804393651
Guangzhou,2015/10/18,8.483717712
Guangzhou,2015/10/19,8.468380409
Guangzhou,2015/10/20,9.369581371
Guangzhou,2015/10/21,7.832424151
Guangzhou,2015/10/22,7.714015363
Guangzhou,2015/10/23,8.583274955
Guangzhou,2015/10/24,8.291368951
Guangzhou,2015/10/25,8.591940149
Guangzhou,2015/10/26,8.60121679
Guangzhou,2015/10/27,7.873821256
Guangzhou,2015/10/28,8.007706641
Guangzhou,2015/10/29,8.654330223
Guangzhou,2015/10/30,7.971292475
Guangzhou,2015/10/31,8.59556655
Guangzhou,2015/11/1,8.323782249
Guangzhou,2015/11/2,8.218260675
Guangzhou,2015/11/3,8.553715609
Guangzhou,2015/11/4,8.570587184
Guangzhou,2015/11/5,8.271943043
Guangzhou,2015/11/6,8.491160914
Guangzhou,2015/11/7,8.500909936
Guangzhou,2015/11/8,8.610263913
Guangzhou,2015/11/9,8.459929132
Guangzhou,2015/11/10,8.611359273
Guangzhou,2015/11/11,8.599078984
Guangzhou,2015/11/12,8.589899803
Guangzhou,2015/11/13,7.203109701
Guangzhou,2015/11/14,8.411465779
Guangzhou,2015/11/15,8.327980074
Guangzhou,2015/11/16,8.388287064
Guangzhou,2015/11/17,8.022070013
Guangzhou,2015/11/18,7.91017708
Guangzhou,2015/11/19,8.44379767
Guangzhou,2015/11/20,8.463334381
Guangzhou,2015/11/21,8.474799934
Guangzhou,2015/11/22,8.118288262
Guangzhou,2015/11/23,8.455454527
Guangzhou,2015/11/24,8.461021326
Guangzhou,2015/11/25,8.845394581
Guangzhou,2015/11/26,9.444731123
Guangzhou,2015/11/27,8.465347818
Guangzhou,2015/11/28,8.51929792
Guangzhou,2015/11/29,8.387466675
Guangzhou,2015/11/30,8.619149807
Guangzhou,2015/12/1,8.583756153
Guangzhou,2015/12/2,8.619149807
Guangzhou,2015/12/3,8.610276576
Guangzhou,2015/12/4,8.588169478
Guangzhou,2015/12/5,8.619149807
Guangzhou,2015/12/6,8.560968186
Guangzhou,2015/12/7,8.552402941
Guangzhou,2015/12/8,8.409578069
Guangzhou,2015/12/9,8.144829941
Guangzhou,2015/12/10,8.58195392
Guangzhou,2015/12/11,8.618700945
Guangzhou,2015/12/12,8.392603606
Guangzhou,2015/12/13,8.642271086
Guangzhou,2015/12/14,8.612407147
Guangzhou,2015/12/15,8.403514695
Guangzhou,2015/12/16,8.962348014
Guangzhou,2015/12/17,10.90614297
Guangzhou,2015/12/18,9.300556273
Guangzhou,2015/12/19,9.072982324
Guangzhou,2015/12/20,7.193974841
Guangzhou,2015/12/21,9.298836349
Guangzhou,2015/12/22,8.860773943
Guangzhou,2015/12/23,9.286705304
Guangzhou,2015/12/24,9.268146141
Guangzhou,2015/12/25,9.322261995
Guangzhou,2015/12/26,9.304470082
Guangzhou,2015/12/27,9.202394461
Guangzhou,2015/12/28,9.162340326
Guangzhou,2015/12/29,9.301215434
Guangzhou,2015/12/30,9.188062972
Guangzhou,2015/12/31,8.689015193
Guangzhou,2016/1/1,9.259008342
Guangzhou,2016/1/2,9.298859867
Guangzhou,2016/1/3,7.614418548
Guangzhou,2016/1/4,8.908122715
Guangzhou,2016/1/5,7.81567672
Guangzhou,2016/1/6,8.696105864
Guangzhou,2016/1/7,8.668763921
Guangzhou,2016/1/8,9.136968403
Guangzhou,2016/1/9,9.204225413
Guangzhou,2016/1/10,9.203720471
Guangzhou,2016/1/11,8.102973799
Guangzhou,2016/1/12,8.983113274
Guangzhou,2016/1/13,9.207213005
Guangzhou,2016/1/14,9.249235351
Guangzhou,2016/1/15,9.030510211
Guangzhou,2016/1/16,9.075116738
Guangzhou,2016/1/17,9.085681626
Guangzhou,2016/1/18,9.195894435
Guangzhou,2016/1/19,9.257979463
Guangzhou,2016/1/20,9.173073905
Guangzhou,2016/1/21,9.260999844
Guangzhou,2016/1/22,9.256823727
Guangzhou,2016/1/23,9.240338829
Guangzhou,2016/1/24,9.24998338
Guangzhou,2016/1/25,9.277487003
Guangzhou,2016/1/26,9.26101409
Guangzhou,2016/1/27,9.250702238
Guangzhou,2016/1/28,9.26101409
Guangzhou,2016/1/29,9.233228486
Guangzhou,2016/1/30,9.132860351
Guangzhou,2016/1/31,8.787510769
Guangzhou,2016/2/1,9.255047724
Guangzhou,2016/2/2,9.237938715
Guangzhou,2016/2/3,9.148266622
Guangzhou,2016/2/4,8.481668321
Guangzhou,2016/2/5,8.375346257
Guangzhou,2016/2/6,8.276245565
Guangzhou,2016/2/7,8.835875531
Guangzhou,2016/2/8,9.52119671
Guangzhou,2016/2/9,9.153242777
Guangzhou,2016/2/10,9.383208926
Guangzhou,2016/2/11,9.182308261
Guangzhou,2016/2/12,9.111082946
Guangzhou,2016/2/13,9.327510634
Guangzhou,2016/2/14,9.33759161
Guangzhou,2016/2/15,9.465062219
Guangzhou,2016/2/16,9.458495259
Guangzhou,2016/2/17,9.452251888
Guangzhou,2016/2/18,9.463391591
Guangzhou,2016/2/19,9.468092323
Guangzhou,2016/2/20,9.468092323
Guangzhou,2016/2/21,9.454432658
Guangzhou,2016/2/22,9.470155508
Guangzhou,2016/2/23,9.457381131
Guangzhou,2016/2/24,9.469662098
Guangzhou,2016/2/25,9.441757551
Guangzhou,2016/2/26,9.466051751
Guangzhou,2016/2/27,8.759814259
Guangzhou,2016/2/28,8.239906022
Guangzhou,2016/2/29,8.690071886
Guangzhou,2016/3/1,9.241137962
Guangzhou,2016/3/2,8.539817154
Guangzhou,2016/3/3,9.468092323
Guangzhou,2016/3/4,8.247560427
Guangzhou,2016/3/5,8.876695784
Guangzhou,2016/3/6,7.451555642
Guangzhou,2016/3/7,9.147690676
Guangzhou,2016/3/8,9.13170371
Guangzhou,2016/3/9,9.126105705
Guangzhou,2016/3/10,9.123847599
Guangzhou,2016/3/11,9.120694256
Guangzhou,2016/3/12,8.531275651
Guangzhou,2016/3/13,8.164034697
Guangzhou,2016/3/14,9.006550678
Guangzhou,2016/3/15,9.075404598
Guangzhou,2016/3/16,9.170493116
Guangzhou,2016/3/17,9.065217342
Guangzhou,2016/3/18,9.067241633
Guangzhou,2016/3/19,8.829456232
Guangzhou,2016/3/20,9.120750561
Guangzhou,2016/3/21,9.12155173
Guangzhou,2016/3/22,9.114793693
Guangzhou,2016/3/23,9.120750561
Guangzhou,2016/3/24,9.120750561
Guangzhou,2016/3/25,7.869382605
Guangzhou,2016/3/26,8.129270355
Guangzhou,2016/3/27,9.066686943
Guangzhou,2016/3/28,9.089967867
Guangzhou,2016/3/29,8.882730667
Guangzhou,2016/3/30,9.117407723
Guangzhou,2016/3/31,9.12784892
Guangzhou,2016/4/1,9.120788551
Guangzhou,2016/4/2,9.120750561
Guangzhou,2016/4/3,9.06866239
Guangzhou,2016/4/4,6.520697421
Guangzhou,2016/4/5,8.046180146
Guangzhou,2016/4/6,7.722333904
Guangzhou,2016/4/7,8.003374044
Guangzhou,2016/4/8,8.141324065
Guangzhou,2016/4/9,7.653218581
Guangzhou,2016/4/10,8.542295055
Guangzhou,2016/4/11,8.499162651
Guangzhou,2016/4/12,8.18268024
Guangzhou,2016/4/13,8.459219318
Guangzhou,2016/4/14,8.815572701
Guangzhou,2016/4/15,8.832428448
Guangzhou,2016/4/16,8.663262246
Guangzhou,2016/4/17,8.892135975
Guangzhou,2016/4/18,8.554520622
Guangzhou,2016/4/19,8.759038869
Guangzhou,2016/4/20,8.876165064
Guangzhou,2016/4/21,8.791129257
Guangzhou,2016/4/22,8.892274591
Guangzhou,2016/4/23,7.661301272
Guangzhou,2016/4/24,8.775714392
Guangzhou,2016/4/25,8.13183215
Guangzhou,2016/4/26,8.663286668
Guangzhou,2016/4/27,8.733081729
Guangzhou,2016/4/28,8.622239835
Guangzhou,2016/4/29,8.892274591
Guangzhou,2016/4/30,8.855726784
Guangzhou,2016/5/1,8.709214683
Guangzhou,2016/5/2,7.66538151
Guangzhou,2016/5/3,8.755909721
Guangzhou,2016/5/4,6.987954657
Guangzhou,2016/5/5,8.381344507
Guangzhou,2016/5/6,8.363766284
Guangzhou,2016/5/7,8.737159028
Guangzhou,2016/5/8,7.913000957
Guangzhou,2016/5/9,8.731801397
Guangzhou,2016/5/10,7.875454798
Guangzhou,2016/5/11,8.157246359
Guangzhou,2016/5/12,8.734864742
Guangzhou,2016/5/13,8.735838446
Guangzhou,2016/5/14,8.243810786
Guangzhou,2016/5/15,8.590984309
Guangzhou,2016/5/16,8.507711163
Guangzhou,2016/5/17,8.440181671
Guangzhou,2016/5/18,8.455561711
Guangzhou,2016/5/19,8.735212073
Guangzhou,2016/5/20,8.735212073
Guangzhou,2016/5/21,8.333503909
Guangzhou,2016/5/22,8.71087016
Guangzhou,2016/5/23,7.687548759
Guangzhou,2016/5/24,8.668265537
Guangzhou,2016/5/25,8.823353964
Guangzhou,2016/5/26,7.921432787
Guangzhou,2016/5/27,8.735316092
Guangzhou,2016/5/28,8.735212073
Guangzhou,2016/5/29,6.570822809
Guangzhou,2016/5/30,8.467211106
Guangzhou,2016/5/31,8.507661415
Guangzhou,2016/6/1,7.27784745
Guangzhou,2016/6/2,7.555884621
Guangzhou,2016/6/3,7.879390994
Guangzhou,2016/6/4,8.586716611
Guangzhou,2016/6/5,8.375694945
Guangzhou,2016/6/6,7.075292891
Guangzhou,2016/6/7,8.518469843
Guangzhou,2016/6/8,8.472098166
Guangzhou,2016/6/9,8.563072526
Guangzhou,2016/6/10,8.563260437
Guangzhou,2016/6/11,8.557711502
Guangzhou,2016/6/12,8.563078631
Guangzhou,2016/6/13,8.563078631
Guangzhou,2016/6/14,8.563078631
Guangzhou,2016/6/15,8.563078631
Guangzhou,2016/6/16,8.563078631
Guangzhou,2016/6/17,8.498480425
Guangzhou,2016/6/18,7.912213582
Guangzhou,2016/6/19,8.360647086
Guangzhou,2016/6/20,8.529970219
Guangzhou,2016/6/21,8.073941329
Guangzhou,2016/6/22,7.63077885
Guangzhou,2016/6/23,7.558860002
Guangzhou,2016/6/24,8.05754349
Guangzhou,2016/6/25,8.354900968
Guangzhou,2016/6/26,8.563078631
Guangzhou,2016/6/27,8.563078631
Guangzhou,2016/6/28,8.563078631
Guangzhou,2016/6/29,8.563078631
Guangzhou,2016/6/30,8.563078631
Guangzhou,2016/7/1,8.556027533
Guangzhou,2016/7/2,8.531611902
Guangzhou,2016/7/3,8.508654566
Guangzhou,2016/7/4,8.564532403
Guangzhou,2016/7/5,7.30159985
Guangzhou,2016/7/6,8.472788307
Guangzhou,2016/7/7,8.085559744
Guangzhou,2016/7/8,7.919831354
Guangzhou,2016/7/9,8.561595237
Guangzhou,2016/7/10,8.554644087
Guangzhou,2016/7/11,8.561539836
Guangzhou,2016/7/12,8.482330648
Guangzhou,2016/7/13,8.561460465
Guangzhou,2016/7/14,6.603146786
Guangzhou,2016/7/15,7.61992972
Guangzhou,2016/7/16,7.883516006
Guangzhou,2016/7/17,8.336025001
Guangzhou,2016/7/18,8.038353885
Guangzhou,2016/7/19,7.578769144
Guangzhou,2016/7/20,7.362037542
Guangzhou,2016/7/21,7.594004916
Guangzhou,2016/7/22,8.614771759
Guangzhou,2016/7/23,8.638704156
Guangzhou,2016/7/24,7.684161826
Guangzhou,2016/7/25,8.338549711
Guangzhou,2016/7/26,7.966154187
Guangzhou,2016/7/27,8.312042629
Guangzhou,2016/7/28,10.27439901
Guangzhou,2016/7/29,8.606116514
Guangzhou,2016/7/30,8.610985259
Guangzhou,2016/7/31,8.884601191
Guangzhou,2016/8/1,8.884603904
Guangzhou,2016/8/2,8.884603904
Guangzhou,2016/8/3,8.595825014
Guangzhou,2016/8/4,7.106259879
Guangzhou,2016/8/5,7.285448263
Guangzhou,2016/8/6,8.42090772
Guangzhou,2016/8/7,8.515134467
Guangzhou,2016/8/8,8.515134467
Guangzhou,2016/8/9,8.508715394
Guangzhou,2016/8/10,6.900765214
Guangzhou,2016/8/11,8.440152048
Guangzhou,2016/8/12,8.440152048
Guangzhou,2016/8/13,8.456271072
Guangzhou,2016/8/14,8.440152048
Guangzhou,2016/8/15,8.367300878
Guangzhou,2016/8/16,7.393195833
Guangzhou,2016/8/17,8.440147978
Guangzhou,2016/8/18,8.441100651
Guangzhou,2016/8/19,7.560306086
Guangzhou,2016/8/20,8.387315848
Guangzhou,2016/8/21,7.477112311
Guangzhou,2016/8/22,7.641956769
Guangzhou,2016/8/23,7.032630379
Guangzhou,2016/8/24,6.921149676
Guangzhou,2016/8/25,7.172551099
Guangzhou,2016/8/26,8.428055374
Guangzhou,2016/8/27,8.276075291
Guangzhou,2016/8/28,7.698987629
Guangzhou,2016/8/29,8.349378716
Guangzhou,2016/8/30,6.997963725
Guangzhou,2016/8/31,7.0732383
Guangzhou,2016/9/1,8.224023979
Guangzhou,2016/9/2,8.238370844
Guangzhou,2016/9/3,7.416733638
Guangzhou,2016/9/4,7.322928392
Guangzhou,2016/9/5,8.183137922
Guangzhou,2016/9/6,8.200825138
Guangzhou,2016/9/7,8.197348659
Guangzhou,2016/9/8,7.879820862
Guangzhou,2016/9/9,8.194120467
Guangzhou,2016/9/10,8.201490857
Guangzhou,2016/9/11,8.200798455
Guangzhou,2016/9/12,8.197797973
Guangzhou,2016/9/13,8.814683795
Guangzhou,2016/9/14,9.668000742
Guangzhou,2016/9/15,7.961862067
Guangzhou,2016/9/16,7.201996025
Guangzhou,2016/9/17,7.462413817
Guangzhou,2016/9/18,8.097614358
Guangzhou,2016/9/19,8.204496539
Guangzhou,2016/9/20,8.020619408
Guangzhou,2016/9/21,8.220871539
Guangzhou,2016/9/22,8.070284174
Guangzhou,2016/9/23,8.201610026
Guangzhou,2016/9/24,8.167263567
Guangzhou,2016/9/25,6.772724313
Guangzhou,2016/9/26,7.564049169
Guangzhou,2016/9/27,8.183085686
Guangzhou,2016/9/28,8.183085686
Guangzhou,2016/9/30,8.172522833
Guangzhou,2016/10/1,8.013090729
Guangzhou,2016/10/2,7.842006291
Guangzhou,2016/10/3,8.077427306
Guangzhou,2016/10/4,7.760535379
Guangzhou,2016/10/5,8.19150915
Guangzhou,2016/10/6,8.205988074
Guangzhou,2016/10/7,8.207840508
Guangzhou,2016/10/8,8.140717592
Guangzhou,2016/10/9,7.717167802
Guangzhou,2016/10/10,6.93800497
Guangzhou,2016/10/11,7.273613445
Guangzhou,2016/10/12,7.617349835
Guangzhou,2016/10/13,7.852626354
Guangzhou,2016/10/14,7.843404209
Guangzhou,2016/10/15,8.308084047
Guangzhou,2016/10/16,9.751813427
Guangzhou,2016/10/17,8.172506778
Guangzhou,2016/10/18,8.167749062
Guangzhou,2016/10/19,6.967097816
Guangzhou,2016/10/20,8.172506778
Guangzhou,2016/10/21,8.172506778
Guangzhou,2016/10/22,8.203218242
Guangzhou,2016/10/23,7.566702772
Guangzhou,2016/10/24,7.001018703
Guangzhou,2016/10/25,7.971992113
Guangzhou,2016/10/26,9.187920512
Guangzhou,2016/10/27,8.070422338
Guangzhou,2016/10/28,8.480954664
Guangzhou,2016/10/29,8.297819908
Guangzhou,2016/10/30,8.411964163
Guangzhou,2016/10/31,8.490685821
Guangzhou,2016/11/1,9.993441407
Guangzhou,2016/11/2,8.804033657
Guangzhou,2016/11/3,8.293614168
Guangzhou,2016/11/4,8.011162316
Guangzhou,2016/11/5,8.523480143
Guangzhou,2016/11/6,8.750033354
Guangzhou,2016/11/7,7.808393615
Guangzhou,2016/11/8,8.852476432
Guangzhou,2016/11/9,8.906391485
Guangzhou,2016/11/10,8.846652526
Guangzhou,2016/11/11,8.898725999
Guangzhou,2016/11/12,8.884458505
Guangzhou,2016/11/13,8.603843258
Guangzhou,2016/11/14,7.867241859
Guangzhou,2016/11/15,8.853500336
Guangzhou,2016/11/16,8.745835981
Guangzhou,2016/11/17,8.813839888
Guangzhou,2016/11/18,8.704567995
Guangzhou,2016/11/19,8.876153984
Guangzhou,2016/11/20,8.866201222
Guangzhou,2016/11/21,8.892129869
Guangzhou,2016/11/22,8.90633224
Guangzhou,2016/11/23,8.764064093
Guangzhou,2016/11/24,8.558259409
Guangzhou,2016/11/25,8.29646631
Guangzhou,2016/11/26,7.606947532
Guangzhou,2016/11/27,9.312420714
Guangzhou,2016/11/28,8.855177069
Guangzhou,2016/11/29,8.653718096
Guangzhou,2016/11/30,7.990372861
Guangzhou,2016/12/1,8.413562204
Guangzhou,2016/12/2,9.194513024
Guangzhou,2016/12/3,8.877012589
Guangzhou,2016/12/4,9.031383966
Guangzhou,2016/12/5,9.045367672
Guangzhou,2016/12/6,9.02257292
Guangzhou,2016/12/7,8.729521357
Guangzhou,2016/12/8,10.58455325
Guangzhou,2016/12/9,9.122720808
Guangzhou,2016/12/10,8.45196154
Guangzhou,2016/12/11,8.985226885
Guangzhou,2016/12/12,8.285716224
Guangzhou,2016/12/13,9.56098899
Guangzhou,2016/12/14,9.745350712
Guangzhou,2016/12/15,9.035342549
Guangzhou,2016/12/16,8.449459895
Guangzhou,2016/12/17,9.54259897
Guangzhou,2016/12/18,9.467304948
Guangzhou,2016/12/19,9.242379627
Guangzhou,2016/12/21,7.969540216
Guangzhou,2016/12/22,8.446273311
Guangzhou,2016/12/23,8.770790247
Guangzhou,2016/12/24,9.397760436
Guangzhou,2016/12/25,8.773469628
Guangzhou,2016/12/26,8.364782726
Guangzhou,2016/12/27,8.458109939
Guangzhou,2016/12/28,9.126047365
Guangzhou,2016/12/29,9.536986946
Guangzhou,2016/12/30,9.559776044
Guangzhou,2016/12/31,8.889451619
Guangzhou,2017/1/1,8.277548284
Guangzhou,2017/1/2,7.888008928
Guangzhou,2017/1/3,8.205837247
Guangzhou,2017/1/4,7.553834326
Guangzhou,2017/1/5,8.206910221
Guangzhou,2017/1/6,9.177990815
Guangzhou,2017/1/7,9.006431962
Guangzhou,2017/1/8,8.932888617
Guangzhou,2017/1/9,9.301940624
Guangzhou,2017/1/10,9.211356107
Guangzhou,2017/1/11,9.154246329
Guangzhou,2017/1/12,9.25726671
Guangzhou,2017/1/13,9.141205348
Guangzhou,2017/1/14,9.206790147
Guangzhou,2017/1/15,9.113073317
Guangzhou,2017/1/16,8.8219721
Guangzhou,2017/1/17,9.081284583
Guangzhou,2017/1/18,9.085340627
Guangzhou,2017/1/19,9.101093777
Guangzhou,2017/1/20,9.016639117
Guangzhou,2017/1/21,8.871481517
Guangzhou,2017/1/22,7.927586612
Guangzhou,2017/1/23,9.066794805
Guangzhou,2017/1/24,9.078969041
Guangzhou,2017/1/25,8.103804138
Guangzhou,2017/1/26,7.964840614
Guangzhou,2017/1/27,8.208978154
Guangzhou,2017/1/28,8.986873769
Guangzhou,2017/1/29,8.433360996
Guangzhou,2017/1/30,9.022013482
Guangzhou,2017/1/31,8.877207058
Guangzhou,2017/2/1,8.744203343
Guangzhou,2017/2/2,9.05177295
Guangzhou,2017/2/3,8.907897944
Guangzhou,2017/2/4,8.845265462
Guangzhou,2017/2/5,8.762366557
Guangzhou,2017/2/6,9.052176813
Guangzhou,2017/2/7,8.99003955
Guangzhou,2017/2/8,7.971459583
Guangzhou,2017/2/9,9.052315203
Guangzhou,2017/2/10,8.914900877
Guangzhou,2017/2/11,8.539348166
Guangzhou,2017/2/12,8.121028924
Guangzhou,2017/2/13,7.914047925
Guangzhou,2017/2/14,8.149884788
Guangzhou,2017/2/15,9.157290454
Guangzhou,2017/2/16,9.121907202
Guangzhou,2017/2/17,8.193244224
Guangzhou,2017/2/18,8.048870834
Guangzhou,2017/2/19,8.306621456
Guangzhou,2017/2/20,8.608885216
Guangzhou,2017/2/21,8.236922952
Guangzhou,2017/2/22,8.340976282
Guangzhou,2017/2/23,7.977239846
Guangzhou,2017/2/24,8.141317281
Guangzhou,2017/2/25,8.688128775
Guangzhou,2017/2/26,8.866691918
Guangzhou,2017/2/27,8.901500354
Guangzhou,2017/2/28,8.967310602
Guangzhou,2017/3/1,8.045760907
Guangzhou,2017/3/2,8.207911964
Guangzhou,2017/3/3,8.411964389
Guangzhou,2017/3/4,8.901816254
Guangzhou,2017/3/5,8.138797546
Guangzhou,2017/3/6,8.908787529
Guangzhou,2017/3/7,8.90121973
Guangzhou,2017/3/8,8.888893085
Guangzhou,2017/3/9,8.876776738
Guangzhou,2017/3/10,8.792597953
Guangzhou,2017/3/11,8.379179565
Guangzhou,2017/3/12,8.933285017
Guangzhou,2017/3/13,8.395033795
Guangzhou,2017/3/14,8.870322842
Guangzhou,2017/3/15,8.876494531
Guangzhou,2017/3/16,8.891583998
Guangzhou,2017/3/17,8.879068311
Guangzhou,2017/3/18,8.911628591
Guangzhou,2017/3/19,8.832447669
Guangzhou,2017/3/20,8.590127061
Guangzhou,2017/3/21,8.911628591
Guangzhou,2017/3/22,8.795566776
Guangzhou,2017/3/23,8.683856554
Guangzhou,2017/3/24,8.7998797
Guangzhou,2017/3/25,8.874654986
Guangzhou,2017/3/26,8.666423052
Guangzhou,2017/3/27,8.309772086
Guangzhou,2017/3/28,8.86253163
Guangzhou,2017/3/29,8.901976352
Guangzhou,2017/3/30,7.834419045
Guangzhou,2017/3/31,8.246515493
Guangzhou,2017/4/1,8.878906178
Guangzhou,2017/4/2,8.347989842
Guangzhou,2017/4/3,8.542778967
Guangzhou,2017/4/4,9.043240719
Guangzhou,2017/4/5,8.89841123
Guangzhou,2017/4/6,8.82396903
Guangzhou,2017/4/7,8.448954953
Guangzhou,2017/4/8,8.289734052
Guangzhou,2017/4/9,8.641156957
Guangzhou,2017/4/10,8.416162667
Guangzhou,2017/4/11,8.634503165
Guangzhou,2017/4/12,8.898419371
Guangzhou,2017/4/13,8.210419489
Guangzhou,2017/4/14,8.822482017
Guangzhou,2017/4/15,7.845377847
Guangzhou,2017/4/16,8.667989888
Guangzhou,2017/4/17,8.50118355
Guangzhou,2017/4/18,8.665935522
Guangzhou,2017/4/19,7.432161391
Guangzhou,2017/4/20,7.349858105
Guangzhou,2017/4/21,8.802306497
Guangzhou,2017/4/22,8.363975678
Guangzhou,2017/4/23,8.868600883
Guangzhou,2017/4/24,8.868600431
Guangzhou,2017/4/25,8.789571692
Guangzhou,2017/4/26,8.865685425
Guangzhou,2017/4/27,8.814813818
Guangzhou,2017/4/28,8.031687203
Guangzhou,2017/4/29,8.209783167
Guangzhou,2017/4/30,8.453149613
Guangzhou,2017/5/1,8.477796571
Guangzhou,2017/5/2,7.601921177
Guangzhou,2017/5/3,7.215090824
Guangzhou,2017/5/4,8.41505487
Guangzhou,2017/5/5,8.098141008
Guangzhou,2017/5/6,8.126500523
Guangzhou,2017/5/7,8.680078195
Guangzhou,2017/5/8,8.740911383
Guangzhou,2017/5/9,8.765453645
Guangzhou,2017/5/10,8.774627851
Guangzhou,2017/5/11,8.746899231
Guangzhou,2017/5/12,8.774549159
Guangzhou,2017/5/13,7.564162459
Guangzhou,2017/5/14,8.772085277
Guangzhou,2017/5/15,8.774549159
Guangzhou,2017/5/16,8.774324162
Guangzhou,2017/5/17,8.774549159
Guangzhou,2017/5/18,8.774549159
Guangzhou,2017/5/19,8.266114163
Guangzhou,2017/5/20,8.737180963
Guangzhou,2017/5/21,7.993043875
Guangzhou,2017/5/22,7.212195491
Guangzhou,2017/5/23,8.771811663
Guangzhou,2017/5/24,7.195853506
Guangzhou,2017/5/25,7.806616255
Guangzhou,2017/5/26,8.085539166
Guangzhou,2017/5/27,8.723043265
Guangzhou,2017/5/28,8.40853811
Guangzhou,2017/5/29,8.731528235
Guangzhou,2017/5/30,7.423139369
Guangzhou,2017/5/31,8.407612346
Guangzhou,2017/6/1,8.624435304
Guangzhou,2017/6/2,8.684330743
Guangzhou,2017/6/3,8.684330743
Guangzhou,2017/6/4,7.066754781
Guangzhou,2017/6/5,8.164199996
Guangzhou,2017/6/6,8.533226224
Guangzhou,2017/6/7,8.665678642
Guangzhou,2017/6/8,8.405709938
Guangzhou,2017/6/9,7.737760301
Guangzhou,2017/6/10,8.217353905
Guangzhou,2017/6/11,8.382351451
Guangzhou,2017/6/12,8.685269397
Guangzhou,2017/6/13,8.680555097
Guangzhou,2017/6/14,8.643458706
Guangzhou,2017/6/15,8.684330743
Guangzhou,2017/6/16,8.684330743
Guangzhou,2017/6/17,8.685172388
Guangzhou,2017/6/18,8.611974565
Guangzhou,2017/6/19,8.694711337
Guangzhou,2017/6/20,8.674134668
Guangzhou,2017/6/21,8.674134668
Guangzhou,2017/6/22,6.993038222
Guangzhou,2017/6/23,8.247467489
Guangzhou,2017/6/24,8.255160562
Guangzhou,2017/6/25,8.476891384
Guangzhou,2017/6/26,8.454752854
Guangzhou,2017/6/27,8.497776265
Guangzhou,2017/6/28,8.56343252
Guangzhou,2017/6/29,10.04940562
Guangzhou,2017/6/30,8.653605259
Guangzhou,2017/7/1,8.722492419
Guangzhou,2017/7/2,8.722492419
Guangzhou,2017/7/3,8.722492419
Guangzhou,2017/7/4,8.7271728
Guangzhou,2017/7/5,8.722492419
Guangzhou,2017/7/6,8.722492419
Guangzhou,2017/7/7,8.722492419
Guangzhou,2017/7/8,8.078839922
Guangzhou,2017/7/9,8.722663371
Guangzhou,2017/7/10,8.717404557
Guangzhou,2017/7/11,7.456531797
Guangzhou,2017/7/12,8.676238329
Guangzhou,2017/7/13,8.708165227
Guangzhou,2017/7/14,8.255949519
Guangzhou,2017/7/15,8.721824439
Guangzhou,2017/7/16,8.722492419
Guangzhou,2017/7/17,8.722492419
Guangzhou,2017/7/18,8.722492419
Guangzhou,2017/7/19,8.719228725
Guangzhou,2017/7/20,8.728931391
Guangzhou,2017/7/21,8.735023031
Guangzhou,2017/7/22,8.390994937
Guangzhou,2017/7/23,8.737209907
Guangzhou,2017/7/24,7.467227839
Guangzhou,2017/7/25,8.610398911
Guangzhou,2017/7/26,8.752582033
Guangzhou,2017/7/27,8.127859096
Guangzhou,2017/7/28,7.485901874
Guangzhou,2017/7/29,8.566272452
Guangzhou,2017/7/30,8.669938426
Guangzhou,2017/7/31,8.658271846
Guangzhou,2017/8/1,8.658271846
Guangzhou,2017/8/2,8.100554012
Guangzhou,2017/8/3,6.62459201
Guangzhou,2017/8/4,8.065679546
Guangzhou,2017/8/5,9.106511558
Guangzhou,2017/8/6,7.965455454
Guangzhou,2017/8/7,6.841417003
Guangzhou,2017/8/8,8.647607461
Guangzhou,2017/8/9,8.640750154
Guangzhou,2017/8/10,8.518557128
Guangzhou,2017/8/11,8.637716884
Guangzhou,2017/8/12,8.613086885
Guangzhou,2017/8/13,8.346015978
Guangzhou,2017/8/14,8.293531406
Guangzhou,2017/8/15,8.583214127
Guangzhou,2017/8/16,8.716151587
Guangzhou,2017/8/17,8.19173686
Guangzhou,2017/8/18,7.922312422
Guangzhou,2017/8/19,7.750703821
Guangzhou,2017/8/20,8.37484629
Guangzhou,2017/8/21,8.60879273
Guangzhou,2017/8/22,8.611873034
Guangzhou,2017/8/23,8.611428468
Guangzhou,2017/8/24,8.61471794
Guangzhou,2017/8/25,8.612051675
Guangzhou,2017/8/26,8.616977629
Guangzhou,2017/8/27,8.612352424
Guangzhou,2017/8/28,7.036530395
Guangzhou,2017/8/29,7.846771243
Guangzhou,2017/8/30,8.533366876
Guangzhou,2017/8/31,8.562812253
Guangzhou,2017/9/1,8.576583625
Guangzhou,2017/9/2,8.535472572
Guangzhou,2017/9/3,8.537159028
Guangzhou,2017/9/4,8.534597912
Guangzhou,2017/9/5,8.141556298
Guangzhou,2017/9/6,8.51762277
Guangzhou,2017/9/7,8.536057563
Guangzhou,2017/9/8,8.109509327
Guangzhou,2017/9/9,7.689573728
Guangzhou,2017/9/10,7.718974106
Guangzhou,2017/9/11,8.6164001
Guangzhou,2017/9/12,9.211837306
Guangzhou,2017/9/13,8.420543429
Guangzhou,2017/9/14,8.505493082
Guangzhou,2017/9/15,8.537940072
Guangzhou,2017/9/16,8.908034977
Guangzhou,2017/9/17,9.669867874
Guangzhou,2017/9/18,7.857034251
Guangzhou,2017/9/19,8.66623808
Guangzhou,2017/9/20,8.760232594
Guangzhou,2017/9/21,7.951315043
Guangzhou,2017/9/22,9.695428387
Guangzhou,2017/9/23,8.802487625
Guangzhou,2017/9/24,8.202601367
Guangzhou,2017/9/25,7.864116329
Guangzhou,2017/9/26,8.439827329
Guangzhou,2017/9/27,8.174416648
Guangzhou,2017/9/28,8.016962026
Guangzhou,2017/9/30,8.788434499
Guangzhou,2017/10/1,7.961721416
Guangzhou,2017/10/2,8.798919338
Guangzhou,2017/10/3,9.748448428
Guangzhou,2017/10/4,8.574664258
Guangzhou,2017/10/5,8.897723578
Guangzhou,2017/10/6,8.88322385
Guangzhou,2017/10/7,8.693701679
Guangzhou,2017/10/8,8.883345054
Guangzhou,2017/10/9,8.916340403
Guangzhou,2017/10/10,8.000795515
Guangzhou,2017/10/11,8.172475799
Guangzhou,2017/10/12,8.91638088
Guangzhou,2017/10/13,8.664524036
Guangzhou,2017/10/14,8.883345054
Guangzhou,2017/10/15,8.883345054
Guangzhou,2017/10/16,8.883889569
Guangzhou,2017/10/17,8.858108356
Guangzhou,2017/10/18,8.793466507
Guangzhou,2017/10/19,10.05691983
Guangzhou,2017/10/20,9.062936397
Guangzhou,2017/10/21,8.51046087
Guangzhou,2017/10/22,8.773316087
Guangzhou,2017/10/23,8.959064421
Guangzhou,2017/10/24,9.42636236
Guangzhou,2017/10/25,9.025968672
Guangzhou,2017/10/26,8.885387435
Guangzhou,2017/10/27,8.820022432
Guangzhou,2017/10/28,9.185854614
Guangzhou,2017/10/29,10.07316345
Guangzhou,2017/10/30,10.00606473
Guangzhou,2017/10/31,9.274357403
Guangzhou,2017/11/1,8.643365541
Guangzhou,2017/11/2,8.567273064
Guangzhou,2017/11/3,9.74095593
Guangzhou,2017/11/4,9.743992366
Guangzhou,2017/11/5,9.029423217
Guangzhou,2017/11/6,9.742238297
Guangzhou,2017/11/7,9.741014271
Guangzhou,2017/11/8,9.269582728
Guangzhou,2017/11/9,9.366465564
Guangzhou,2017/11/10,9.916806677
Guangzhou,2017/11/11,9.037556108
Guangzhou,2017/11/12,9.661763702
Guangzhou,2017/11/13,9.54120173
Guangzhou,2017/11/14,8.885820921
Guangzhou,2017/11/15,8.783319728
Guangzhou,2017/11/16,9.633157934
Guangzhou,2017/11/17,8.696957233
Guangzhou,2017/11/18,9.081363049
Guangzhou,2017/11/19,8.803925794
Guangzhou,2017/11/20,8.258686337
Guangzhou,2017/11/21,8.617961735
Guangzhou,2017/11/22,8.931158291
Guangzhou,2017/11/23,9.67637197
Guangzhou,2017/11/24,9.647042369
Guangzhou,2017/11/25,9.689417474
Guangzhou,2017/11/26,9.241907473
Guangzhou,2017/11/27,8.545004737
Guangzhou,2017/11/28,9.599683648
Guangzhou,2017/11/29,9.37340292
Guangzhou,2017/11/30,9.803342386
Guangzhou,2017/12/1,9.71004864
Guangzhou,2017/12/2,9.66730721
Guangzhou,2017/12/3,9.724270005
Guangzhou,2017/12/4,9.356958725
Guangzhou,2017/12/5,9.69877326
Guangzhou,2017/12/6,9.508852653
Guangzhou,2017/12/7,9.579810912
Guangzhou,2017/12/8,8.97209387
Guangzhou,2017/12/9,9.219746557
Guangzhou,2017/12/10,9.683653718
Guangzhou,2017/12/11,9.696997709
Guangzhou,2017/12/12,9.697377603
Guangzhou,2017/12/13,9.697377603
Guangzhou,2017/12/14,9.638405442
Guangzhou,2017/12/15,9.54732842
Guangzhou,2017/12/16,8.867566804
Guangzhou,2017/12/17,9.773597616
Guangzhou,2017/12/18,9.615835009
Guangzhou,2017/12/19,8.727888718
Guangzhou,2017/12/20,8.901432742
Guangzhou,2017/12/21,9.693163044
Guangzhou,2017/12/22,9.521551504
Guangzhou,2017/12/23,9.740667844
Guangzhou,2017/12/24,8.630381544
Guangzhou,2017/12/25,8.843967492
Guangzhou,2017/12/26,9.717678171
Guangzhou,2017/12/27,9.776773572
Guangzhou,2017/12/28,8.76615577
Guangzhou,2017/12/29,9.690522105
Guangzhou,2017/12/30,9.769964656
Guangzhou,2017/12/31,9.056540842
Guangzhou,2018/1/1,9.816048925
Guangzhou,2018/1/2,9.770062343
Guangzhou,2018/1/3,9.745165288
Guangzhou,2018/1/4,9.736612931
Guangzhou,2018/1/5,8.411272214
Guangzhou,2018/1/6,9.342855398
Guangzhou,2018/1/7,9.753012353
Guangzhou,2018/1/8,9.726742706
Guangzhou,2018/1/9,9.768110413
Guangzhou,2018/1/10,9.66234417
Guangzhou,2018/1/11,9.755092723
Guangzhou,2018/1/12,10.36636042
Guangzhou,2018/1/13,9.966287602
Guangzhou,2018/1/14,9.063747742
Guangzhou,2018/1/15,8.961154515
Guangzhou,2018/1/16,9.14145047
Guangzhou,2018/1/17,9.410404564
Guangzhou,2018/1/18,9.685676652
Guangzhou,2018/1/19,10.01807435
Guangzhou,2018/1/20,9.213930339
Guangzhou,2018/1/21,9.415750663
Guangzhou,2018/1/22,8.99755059
Guangzhou,2018/1/23,9.841344869
Guangzhou,2018/1/24,9.453610686
Guangzhou,2018/1/25,9.891486538
Guangzhou,2018/1/26,9.679347126
Guangzhou,2018/1/27,9.762794615
Guangzhou,2018/1/28,9.838423532
Guangzhou,2018/1/30,9.890167085
Guangzhou,2018/1/31,9.957569268
Guangzhou,2018/2/1,10.00598853
Guangzhou,2018/2/2,9.897129315
Guangzhou,2018/2/3,10.005437
Guangzhou,2018/2/4,9.978379301
Guangzhou,2018/2/5,9.505792474
Guangzhou,2018/2/6,9.852452915
Guangzhou,2018/2/7,10.00553808
Guangzhou,2018/2/8,9.759166405
Guangzhou,2018/2/9,9.979065597
Guangzhou,2018/2/10,9.165002295
Guangzhou,2018/2/11,9.617495008
Guangzhou,2018/2/12,9.243311045
Guangzhou,2018/2/13,10.17241542
Guangzhou,2018/2/14,9.355771331
Guangzhou,2018/2/15,9.067837252
Guangzhou,2018/2/16,9.203392134
Guangzhou,2018/2/17,10.14840569
Guangzhou,2018/2/18,9.652720197
Guangzhou,2018/2/19,9.928569813
Guangzhou,2018/2/20,9.790224974
Guangzhou,2018/2/21,10.28131081
Guangzhou,2018/2/22,9.779558328
Guangzhou,2018/2/23,10.28104625
Guangzhou,2018/2/24,9.866323782
Guangzhou,2018/2/25,9.799966307
Guangzhou,2018/2/26,10.01762797
Guangzhou,2018/2/27,10.12919641
Guangzhou,2018/2/28,8.801854469
Guangzhou,2018/3/1,10.03206144
Guangzhou,2018/3/2,10.20535854
Guangzhou,2018/3/3,10.28082283
Guangzhou,2018/3/4,9.794810607
Guangzhou,2018/3/5,9.970918913
Guangzhou,2018/3/6,9.657254499
Guangzhou,2018/3/7,10.28082283
Guangzhou,2018/3/8,9.545425786
Guangzhou,2018/3/9,9.665658969
Guangzhou,2018/3/10,9.211129302
Guangzhou,2018/3/11,9.752250531
Guangzhou,2018/3/12,10.12932259
Guangzhou,2018/3/13,10.17704334
Guangzhou,2018/3/14,10.15748786
Guangzhou,2018/3/15,8.747026314
Guangzhou,2018/3/16,9.057408492
Guangzhou,2018/3/17,8.727398475
Guangzhou,2018/3/18,9.863534504
Guangzhou,2018/3/19,9.00709655
Guangzhou,2018/3/20,9.993907003
Guangzhou,2018/3/21,9.967604341
Guangzhou,2018/3/22,10.04952864
Guangzhou,2018/3/23,9.798630121
Guangzhou,2018/3/24,10.15877453
Guangzhou,2018/3/25,9.629111388
Guangzhou,2018/3/26,9.207340089
Guangzhou,2018/3/27,9.687096278
Guangzhou,2018/3/28,9.650809648
Guangzhou,2018/3/29,10.12854991
Guangzhou,2018/3/30,9.372383313
Guangzhou,2018/3/31,9.088308094
Guangzhou,2018/4/1,9.184694129
Guangzhou,2018/4/2,8.268203578
Guangzhou,2018/4/3,9.182864308
Guangzhou,2018/4/4,10.10846665
Guangzhou,2018/4/5,10.10085793
Guangzhou,2018/4/6,10.12926425
Guangzhou,2018/4/7,10.17184762
Guangzhou,2018/4/8,9.719950523
Guangzhou,2018/4/9,9.650162472
Guangzhou,2018/4/10,9.010937546
Guangzhou,2018/4/11,9.613621676
Guangzhou,2018/4/12,9.862801173
Guangzhou,2018/4/13,9.268048907
Guangzhou,2018/4/14,9.213293113
Guangzhou,2018/4/15,10.1773606
Guangzhou,2018/4/16,9.653612947
Guangzhou,2018/4/17,10.16771107
Guangzhou,2018/4/18,9.128296652
Guangzhou,2018/4/19,10.04941806
Guangzhou,2018/4/20,10.06592874
Guangzhou,2018/4/21,9.017741939
Guangzhou,2018/4/22,9.002766666
Guangzhou,2018/4/23,10.01014791
Guangzhou,2018/4/24,9.990864235
Guangzhou,2018/4/25,9.974104141
Guangzhou,2018/4/26,9.979765235
Guangzhou,2018/4/27,9.634107668
Guangzhou,2018/4/28,9.873610505
Guangzhou,2018/4/29,10.01034532
Guangzhou,2018/4/30,9.625770585
Guangzhou,2018/5/1,9.441227509
Guangzhou,2018/5/2,9.909377494
Guangzhou,2018/5/3,10.01093981
Guangzhou,2018/5/4,9.990252788
Guangzhou,2018/5/5,9.183939543
Guangzhou,2018/5/6,8.81518625
Guangzhou,2018/5/7,10.01017685
Guangzhou,2018/5/8,10.01048959
Guangzhou,2018/5/9,10.01033333
Guangzhou,2018/5/10,8.912315565
Guangzhou,2018/5/11,9.33092832
Guangzhou,2018/5/12,9.374026127
Guangzhou,2018/5/13,9.994652997
Guangzhou,2018/5/14,9.372495246
Guangzhou,2018/5/15,10.16159162
Guangzhou,2018/5/16,9.519288649
Guangzhou,2018/5/17,9.939151887
Guangzhou,2018/5/18,9.737973539
Guangzhou,2018/5/19,9.443038561
Guangzhou,2018/5/20,10.13761558
Guangzhou,2018/5/21,9.980396582
Guangzhou,2018/5/22,9.207412675
Guangzhou,2018/5/23,8.69215316
Guangzhou,2018/5/24,9.242120711
Guangzhou,2018/5/25,9.795522003
Guangzhou,2018/5/26,9.021733084
Guangzhou,2018/5/27,8.761070396
Guangzhou,2018/5/28,9.870865321
Guangzhou,2018/5/29,9.995019323
Guangzhou,2018/5/30,9.921732179
Guangzhou,2018/5/31,10.00149493
Guangzhou,2018/6/1,10.01235853
Guangzhou,2018/6/2,9.904740304
Guangzhou,2018/6/3,9.137529877
Guangzhou,2018/6/4,10.01235672
Guangzhou,2018/6/5,10.01235853
Guangzhou,2018/6/6,10.01235853
Guangzhou,2018/6/7,10.01235853
Guangzhou,2018/6/8,9.990301857
Guangzhou,2018/6/9,9.174556621
Guangzhou,2018/6/10,9.828704585
Guangzhou,2018/6/11,10.0400469
Guangzhou,2018/6/12,10.0400469
Guangzhou,2018/6/13,9.552419448
Guangzhou,2018/6/14,10.0399768
Guangzhou,2018/6/15,10.01636596
Guangzhou,2018/6/16,8.981686864
Guangzhou,2018/6/17,8.360098501
Guangzhou,2018/6/18,9.93290241
Guangzhou,2018/6/19,9.899008885
Guangzhou,2018/6/20,9.94201511
Guangzhou,2018/6/21,9.94201511
Guangzhou,2018/6/22,9.94201511
Guangzhou,2018/6/23,9.392194994
Guangzhou,2018/6/24,9.898972704
Guangzhou,2018/6/25,8.347732057
Guangzhou,2018/6/26,9.426763509
Guangzhou,2018/6/27,8.779927368
Guangzhou,2018/6/28,9.178113828
Guangzhou,2018/6/29,9.827803694
Guangzhou,2018/6/30,9.94201511
Guangzhou,2018/7/1,9.94201511
Guangzhou,2018/7/2,9.756582223
Guangzhou,2018/7/3,8.854627128
Guangzhou,2018/7/4,9.024271362
Guangzhou,2018/7/5,9.94201511
Guangzhou,2018/7/6,9.94201511
Guangzhou,2018/7/7,9.94201511
Guangzhou,2018/7/8,9.942155761
Guangzhou,2018/7/9,8.980997176
Guangzhou,2018/7/10,8.728314968
Guangzhou,2018/7/11,9.839346131
Guangzhou,2018/7/12,9.840959774
Guangzhou,2018/7/13,9.839765144
Guangzhou,2018/7/14,9.788539648
Guangzhou,2018/7/15,9.840084436
Guangzhou,2018/7/16,9.829648666
Guangzhou,2018/7/17,9.840329106
Guangzhou,2018/7/18,9.838529811
Guangzhou,2018/7/19,9.330871562
Guangzhou,2018/7/20,8.497710462
Guangzhou,2018/7/21,8.781366215
Guangzhou,2018/7/22,9.736414392
Guangzhou,2018/7/23,9.771724378
Guangzhou,2018/7/24,9.412826839
Guangzhou,2018/7/25,9.03598068
Guangzhou,2018/7/26,9.666311345
Guangzhou,2018/7/27,9.5749035
Guangzhou,2018/7/28,9.134716855
Guangzhou,2018/7/29,9.369023967
Guangzhou,2018/7/30,8.751156754
Guangzhou,2018/7/31,8.410110825
Guangzhou,2018/8/1,9.769877823
Guangzhou,2018/8/2,9.612730056
Guangzhou,2018/8/3,9.753500336
Guangzhou,2018/8/4,9.765372692
Guangzhou,2018/8/5,9.770714946
Guangzhou,2018/8/6,9.764926316
Guangzhou,2018/8/7,9.2249511
Guangzhou,2018/8/8,10.10095833
Guangzhou,2018/8/9,10.17071291
Guangzhou,2018/8/10,9.919530153
Guangzhou,2018/8/11,9.916742909
Guangzhou,2018/8/12,9.337976026
Guangzhou,2018/8/13,9.826838584
Guangzhou,2018/8/14,9.550802638
Guangzhou,2018/8/15,9.930000068
Guangzhou,2018/8/16,9.930000068
Guangzhou,2018/8/17,9.617848445
Guangzhou,2018/8/18,9.902195695
Guangzhou,2018/8/19,9.902195695
Guangzhou,2018/8/20,6.908216331
Guangzhou,2018/8/21,8.88311644
Guangzhou,2018/8/22,9.59389434
Guangzhou,2018/8/23,9.633811442
Guangzhou,2018/8/24,9.614512843
Guangzhou,2018/8/25,9.404783042
Guangzhou,2018/8/26,9.633432905
Guangzhou,2018/8/27,9.633811442
Guangzhou,2018/8/28,9.611227441
Guangzhou,2018/8/29,9.633811442
Guangzhou,2018/8/30,9.633811442
Guangzhou,2018/8/31,9.633811442
Guangzhou,2018/9/1,8.550818467
Guangzhou,2018/9/2,7.608565472
Guangzhou,2018/9/3,9.084099188
Guangzhou,2018/9/4,9.716621479
Guangzhou,2018/9/5,8.701790701
Guangzhou,2018/9/6,9.633811442
Guangzhou,2018/9/7,9.633811442
Guangzhou,2018/9/8,9.630574657
Guangzhou,2018/9/9,9.515065045
Guangzhou,2018/9/10,9.49179701
Guangzhou,2018/9/11,9.646199367
Guangzhou,2018/9/12,8.740193429
Guangzhou,2018/9/13,8.88064306
Guangzhou,2018/9/14,9.990506955
Guangzhou,2018/9/15,9.682792399
Guangzhou,2018/9/16,9.682792399
Guangzhou,2018/9/17,9.682792399
Guangzhou,2018/9/18,7.882507027
Guangzhou,2018/9/19,9.387839332
Guangzhou,2018/9/20,9.023776822
Guangzhou,2018/9/21,9.29835289
Guangzhou,2018/9/22,9.510095448
Guangzhou,2018/9/23,9.17780426
Guangzhou,2018/9/24,9.085398968
Guangzhou,2018/9/25,9.30615179
Guangzhou,2018/9/26,9.477971142
Guangzhou,2018/9/27,9.317048407
Guangzhou,2018/9/28,8.951210346
Guangzhou,2018/9/29,9.348056776
Guangzhou,2018/9/30,11.10620697
Guangzhou,2018/10/1,9.519389728
Guangzhou,2018/10/2,9.344887377
Guangzhou,2018/10/3,8.692104543
Guangzhou,2018/10/4,9.008566376
Guangzhou,2018/10/5,10.2742717
Guangzhou,2018/10/6,11.37929218
Guangzhou,2018/10/7,9.154188441
Guangzhou,2018/10/8,8.265614648
Guangzhou,2018/10/9,9.877247535
Guangzhou,2018/10/10,10.00382788
Guangzhou,2018/10/11,9.977196882
Guangzhou,2018/10/12,10.0047403
Guangzhou,2018/10/13,9.54948183
Guangzhou,2018/10/14,10.0035061
Guangzhou,2018/10/15,9.697981136
Guangzhou,2018/10/16,9.998856927
Guangzhou,2018/10/17,10.00050675
Guangzhou,2018/10/18,9.846388183
Guangzhou,2018/10/19,10.00128169
Guangzhou,2018/10/20,9.639695497
Guangzhou,2018/10/21,9.893018323
Guangzhou,2018/10/22,9.569408836
Guangzhou,2018/10/23,10.00185198
Guangzhou,2018/10/24,9.980561429
Guangzhou,2018/10/25,8.545805454
Guangzhou,2018/10/26,9.175846451
Guangzhou,2018/10/27,11.38866718
Guangzhou,2018/10/28,10.57236115
Guangzhou,2018/10/29,9.316348317
Guangzhou,2018/10/30,9.295736824
Guangzhou,2018/10/31,10.00127016
Guangzhou,2018/11/1,9.872594968
Guangzhou,2018/11/2,8.578854621
Guangzhou,2018/11/3,8.756577475
Guangzhou,2018/11/4,9.713287912
Guangzhou,2018/11/5,9.000302332
Guangzhou,2018/11/6,9.63622648
Guangzhou,2018/11/7,9.371523803
Guangzhou,2018/11/8,10.17938466
Guangzhou,2018/11/9,9.855097924
Guangzhou,2018/11/10,8.692487376
Guangzhou,2018/11/11,9.924052923
Guangzhou,2018/11/12,10.11735051
Guangzhou,2018/11/13,9.601487691
Guangzhou,2018/11/14,9.798657935
Guangzhou,2018/11/15,9.339696176
Guangzhou,2018/11/16,8.020265292
Guangzhou,2018/11/17,9.851444387
Guangzhou,2018/11/18,9.692164693
Guangzhou,2018/11/19,8.80168216
Guangzhou,2018/11/20,9.154153843
Guangzhou,2018/11/21,9.519003277
Guangzhou,2018/11/22,9.928904255
Guangzhou,2018/11/23,10.43771508
Guangzhou,2018/11/24,9.980578614
Guangzhou,2018/11/25,9.978727989
Guangzhou,2018/11/26,9.283829193
Guangzhou,2018/11/27,9.98215766
Guangzhou,2018/11/28,10.90108699
Guangzhou,2018/11/29,9.258957463
Guangzhou,2018/11/30,9.906990948
Guangzhou,2018/12/1,9.866099917
Guangzhou,2018/12/2,9.207034591
Guangzhou,2018/12/3,10.26262706
Guangzhou,2018/12/4,8.833969278
Guangzhou,2018/12/5,9.754703106
Guangzhou,2018/12/6,8.650476789
Guangzhou,2018/12/7,8.92279249
Guangzhou,2018/12/8,10.02365788
Guangzhou,2018/12/9,10.02365788
Guangzhou,2018/12/10,10.02313372
Guangzhou,2018/12/11,10.02243611
Guangzhou,2018/12/12,9.982545921
Guangzhou,2018/12/13,8.327926482
Guangzhou,2018/12/14,8.084256573
Guangzhou,2018/12/15,8.08840171
Guangzhou,2018/12/16,8.806186614
Guangzhou,2018/12/17,9.239593288
Guangzhou,2018/12/18,9.38557105
Guangzhou,2018/12/19,9.944181861
Guangzhou,2018/12/20,9.790834613
Guangzhou,2018/12/21,9.836599364
Guangzhou,2018/12/22,9.928692374
Guangzhou,2018/12/23,10.14512526
Guangzhou,2018/12/24,9.467839287
Guangzhou,2018/12/25,9.817276796
Guangzhou,2018/12/26,9.931686298
Guangzhou,2018/12/27,9.886416314
Guangzhou,2018/12/28,9.935157124
Guangzhou,2018/12/29,8.30853404
Guangzhou,2018/12/30,8.229756755
Guangzhou,2018/12/31,8.783200333
Guangzhou,2019/1/1,8.184879101
Guangzhou,2019/1/2,7.191947385
Guangzhou,2019/1/3,6.855098829
Guangzhou,2019/1/4,6.974073387
Guangzhou,2019/1/5,8.854971519
Guangzhou,2019/1/6,8.773992434
Guangzhou,2019/1/7,8.849104649
Guangzhou,2019/1/8,7.416005735
Guangzhou,2019/1/9,7.357660172
Guangzhou,2019/1/10,7.269897497
Guangzhou,2019/1/11,8.078991428
Guangzhou,2019/1/12,7.303699441
Guangzhou,2019/1/13,8.259946996
Guangzhou,2019/1/14,8.609669877
Guangzhou,2019/1/15,8.740983744
Guangzhou,2019/1/16,8.626405324
Guangzhou,2019/1/17,9.224748942
Guangzhou,2019/1/18,8.763813771
Guangzhou,2019/1/19,8.724091817
Guangzhou,2019/1/20,8.823221227
Guangzhou,2019/1/22,9.496992961
Guangzhou,2019/1/23,8.66101409
Guangzhou,2019/1/24,8.709571964
Guangzhou,2019/1/25,9.447813463
Guangzhou,2019/1/26,10.4958223
Guangzhou,2019/1/27,8.76579261
Guangzhou,2019/1/28,8.547146388
Guangzhou,2019/1/29,8.845437771
Guangzhou,2019/1/30,9.446021857
Guangzhou,2019/1/31,9.203507459
Guangzhou,2019/2/1,8.38782486
Guangzhou,2019/2/2,9.153449909
Guangzhou,2019/2/3,8.514478472
Guangzhou,2019/2/4,9.048721816
Guangzhou,2019/2/5,8.125167504
Guangzhou,2019/2/6,8.702539634
Guangzhou,2019/2/7,8.568903668
Guangzhou,2019/2/8,8.9394653
Guangzhou,2019/2/9,7.902185293
Guangzhou,2019/2/10,7.906759168
Guangzhou,2019/2/11,8.044444168
Guangzhou,2019/2/12,8.14922721
Guangzhou,2019/2/13,8.338739431
Guangzhou,2019/2/14,8.94820195
Guangzhou,2019/2/15,9.014710704
Guangzhou,2019/2/16,9.154559516
Guangzhou,2019/2/17,9.174426372
Guangzhou,2019/2/18,8.624275884
Guangzhou,2019/2/19,9.282086204
Guangzhou,2019/2/20,9.028375796
Guangzhou,2019/2/21,8.784487901
Guangzhou,2019/2/22,8.893550626
Guangzhou,2019/2/23,9.151526245
Guangzhou,2019/2/24,8.450875451
Guangzhou,2019/2/25,8.541039823
Guangzhou,2019/2/26,8.136979031
Guangzhou,2019/2/27,7.464919759
Guangzhou,2019/2/28,7.244305778
Guangzhou,2019/3/1,8.575614444
Guangzhou,2019/3/2,8.481058908
Guangzhou,2019/3/3,9.514868089
Guangzhou,2019/3/4,8.907429635
Guangzhou,2019/3/5,7.495249972
Guangzhou,2019/3/6,7.767682355
Guangzhou,2019/3/7,8.616699267
Guangzhou,2019/3/8,7.828880512
Guangzhou,2019/3/9,7.27724256
Guangzhou,2019/3/10,8.455049985
Guangzhou,2019/3/11,9.45867503
Guangzhou,2019/3/12,9.154769362
Guangzhou,2019/3/13,9.105460067
Guangzhou,2019/3/14,9.084168157
Guangzhou,2019/3/15,9.079979151
Guangzhou,2019/3/16,9.073534978
Guangzhou,2019/3/17,9.032417594
Guangzhou,2019/3/18,8.82274229
Guangzhou,2019/3/19,8.901113903
Guangzhou,2019/3/20,8.690209823
Guangzhou,2019/3/21,8.018908982
Guangzhou,2019/3/22,8.608657958
Guangzhou,2019/3/23,9.091737765
Guangzhou,2019/3/24,8.906123072
Guangzhou,2019/3/25,7.995352408
Guangzhou,2019/3/26,8.342895197
Guangzhou,2019/3/27,7.976874877
Guangzhou,2019/3/28,8.951658078
Guangzhou,2019/3/29,8.16738658
Guangzhou,2019/3/30,8.514432794
Guangzhou,2019/3/31,9.070685776
Guangzhou,2019/4/1,8.955904068
Guangzhou,2019/4/2,8.373140387
Guangzhou,2019/4/3,9.001468018
Guangzhou,2019/4/4,8.760365557
Guangzhou,2019/4/5,10.2207933
Guangzhou,2019/4/6,8.622909624
Guangzhou,2019/4/7,8.469521899
Guangzhou,2019/4/8,8.163370561
Guangzhou,2019/4/9,8.435831436
Guangzhou,2019/4/10,8.520987317
Guangzhou,2019/4/11,8.993595852
Guangzhou,2019/4/12,8.0544962
Guangzhou,2019/4/13,8.417480084
Guangzhou,2019/4/14,8.774845612
Guangzhou,2019/4/15,8.875332463
Guangzhou,2019/4/16,9.53852348
Guangzhou,2019/4/17,7.914964645
Guangzhou,2019/4/18,8.709270762
Guangzhou,2019/4/19,8.735352498
Guangzhou,2019/4/20,8.392395795
Guangzhou,2019/4/21,8.024150836
Guangzhou,2019/4/22,8.053747719
Guangzhou,2019/4/23,8.874301776
Guangzhou,2019/4/24,8.180452661
Guangzhou,2019/4/25,8.42179753
Guangzhou,2019/4/26,8.19179995
Guangzhou,2019/4/27,8.8461659
Guangzhou,2019/4/28,8.59873007
Guangzhou,2019/4/29,8.291041067
Guangzhou,2019/4/30,8.664609965
Guangzhou,2019/5/1,8.677578585
Guangzhou,2019/5/2,8.816406658
Guangzhou,2019/5/3,8.869089092
Guangzhou,2019/5/4,8.869089092
Guangzhou,2019/5/5,7.734526456
Guangzhou,2019/5/6,8.828241477
Guangzhou,2019/5/7,8.845110791
Guangzhou,2019/5/8,8.828777172
Guangzhou,2019/5/9,8.846140122
Guangzhou,2019/5/10,8.502203383
Guangzhou,2019/5/11,8.633811668
Guangzhou,2019/5/12,8.599597946
Guangzhou,2019/5/13,7.860899896
Guangzhou,2019/5/14,8.892032861
Guangzhou,2019/5/15,8.815471622
Guangzhou,2019/5/16,8.559881193
Guangzhou,2019/5/17,8.813353037
Guangzhou,2019/5/18,9.038381246
Guangzhou,2019/5/19,8.716820697
Guangzhou,2019/5/20,8.888018199
Guangzhou,2019/5/21,8.715990584
Guangzhou,2019/5/22,8.651217582
Guangzhou,2019/5/23,8.908339797
Guangzhou,2019/5/24,8.790108066
Guangzhou,2019/5/25,8.909594124
Guangzhou,2019/5/26,8.353089689
Guangzhou,2019/5/27,8.750231667
Guangzhou,2019/5/28,8.909834724
Guangzhou,2019/5/29,8.909834724
Guangzhou,2019/5/30,8.8691359
Guangzhou,2019/5/31,8.902109088
Guangzhou,2019/6/1,8.909904371
Guangzhou,2019/6/2,8.91042288
Guangzhou,2019/6/3,8.076994724
Guangzhou,2019/6/4,8.900117812
Guangzhou,2019/6/5,8.804381667
Guangzhou,2019/6/6,8.720350542
Guangzhou,2019/6/7,8.287454011
Guangzhou,2019/6/8,9.18357186
Guangzhou,2019/6/9,8.944867704
Guangzhou,2019/6/10,8.944867704
Guangzhou,2019/6/11,8.944867704
Guangzhou,2019/6/12,8.944867704
Guangzhou,2019/6/13,8.89706713
Guangzhou,2019/6/14,10.31640462
Guangzhou,2019/6/15,9.355084583
Guangzhou,2019/6/16,8.883835524
Guangzhou,2019/6/17,8.536068643
Guangzhou,2019/6/18,8.760568846
Guangzhou,2019/6/19,9.650279832
Guangzhou,2019/6/20,8.58850686
Guangzhou,2019/6/21,8.943681667
Guangzhou,2019/6/22,8.943363506
Guangzhou,2019/6/23,8.944867704
Guangzhou,2019/6/24,8.945439806
Guangzhou,2019/6/25,8.887524337
Guangzhou,2019/6/26,8.138844581
Guangzhou,2019/6/27,8.751351901
Guangzhou,2019/6/28,8.896419954
Guangzhou,2019/6/29,8.966060344
Guangzhou,2019/6/30,8.946180825
Guangzhou,2019/7/1,8.983819921
Guangzhou,2019/7/2,8.947418419
Guangzhou,2019/7/3,8.946278286
Guangzhou,2019/7/4,8.940372974
Guangzhou,2019/7/5,8.947234351
Guangzhou,2019/7/6,8.60008118
Guangzhou,2019/7/7,8.957556379
Guangzhou,2019/7/8,8.871074036
Guangzhou,2019/7/9,8.949507156
Guangzhou,2019/7/10,9.023883327
Guangzhou,2019/7/11,8.9519534
Guangzhou,2019/7/12,8.629446508
Guangzhou,2019/7/13,8.470309274
Guangzhou,2019/7/14,8.820114013
Guangzhou,2019/7/15,8.995777979
Guangzhou,2019/7/16,8.793627284
Guangzhou,2019/7/17,8.716834943
Guangzhou,2019/7/18,8.815663152
Guangzhou,2019/7/19,8.935563023
Guangzhou,2019/7/20,9.033954128
Guangzhou,2019/7/21,8.936288665
Guangzhou,2019/7/22,8.936491501
Guangzhou,2019/7/23,8.09131355
Guangzhou,2019/7/24,8.785675521
Guangzhou,2019/7/25,9.124618693
Guangzhou,2019/7/26,9.474365318
Guangzhou,2019/7/27,8.940772767
Guangzhou,2019/7/28,8.607338053
Guangzhou,2019/7/29,8.609329556
Guangzhou,2019/7/30,8.927341038
Guangzhou,2019/7/31,8.989025821
Guangzhou,2019/8/1,8.988288647
Guangzhou,2019/8/2,8.910259843
Guangzhou,2019/8/3,8.489001174
Guangzhou,2019/8/4,9.048180694
Guangzhou,2019/8/5,8.553132427
Guangzhou,2019/8/6,9.036457808
Guangzhou,2019/8/7,9.012514783
Guangzhou,2019/8/8,9.039477963
Guangzhou,2019/8/9,9.006698792
Guangzhou,2019/8/10,8.544256935
Guangzhou,2019/8/11,9.084241196
Guangzhou,2019/8/12,9.017179109
Guangzhou,2019/8/13,8.874150949
Guangzhou,2019/8/14,9.008395424
Guangzhou,2019/8/15,8.729367816
Guangzhou,2019/8/16,9.017785582
Guangzhou,2019/8/17,8.816735221
Guangzhou,2019/8/18,8.580288719
Guangzhou,2019/8/19,9.013356655
Guangzhou,2019/8/20,8.699069939
Guangzhou,2019/8/21,8.990419896
Guangzhou,2019/8/22,9.017244459
Guangzhou,2019/8/23,9.233722347
Guangzhou,2019/8/24,9.017507897
Guangzhou,2019/8/25,9.017507897
Guangzhou,2019/8/26,8.561611292
Guangzhou,2019/8/27,10.73941985
Guangzhou,2019/8/28,10.00069444
Guangzhou,2019/8/29,9.593032117
Guangzhou,2019/8/30,9.579585916
Guangzhou,2019/8/31,9.495241606
Guangzhou,2019/9/1,9.587905587
Guangzhou,2019/9/2,10.18184018
Guangzhou,2019/9/3,9.722452621
Guangzhou,2019/9/4,9.246252281
Guangzhou,2019/9/5,8.755407719
Guangzhou,2019/9/6,10.16012179
Guangzhou,2019/9/7,9.359401803
Guangzhou,2019/9/8,8.761921765
Guangzhou,2019/9/9,8.729887004
Guangzhou,2019/9/10,9.34269417
Guangzhou,2019/9/11,9.717243781
Guangzhou,2019/9/12,9.273997409
Guangzhou,2019/9/13,9.183823539
Guangzhou,2019/9/14,9.650357168
Guangzhou,2019/9/15,9.362029853
Guangzhou,2019/9/16,9.417567369
Guangzhou,2019/9/17,9.695588032
Guangzhou,2019/9/18,9.999163556
Guangzhou,2019/9/19,10.04069475
Guangzhou,2019/9/20,9.393910169
Guangzhou,2019/9/21,9.724351185
Guangzhou,2019/9/22,11.00567082
Guangzhou,2019/9/23,12.19299028
Guangzhou,2019/9/24,10.27252532
Guangzhou,2019/9/25,9.362744867
Guangzhou,2019/9/26,9.512529934
Guangzhou,2019/9/27,10.2496573
Guangzhou,2019/9/28,10.23687818
Guangzhou,2019/9/29,10.94797492
Guangzhou,2019/9/30,10.21054295
Guangzhou,2019/10/1,9.299262147
Guangzhou,2019/10/2,9.381066597
Guangzhou,2019/10/3,10.74185727
Guangzhou,2019/10/4,10.74903161
Guangzhou,2019/10/5,9.521839138
Guangzhou,2019/10/6,10.58142365
Guangzhou,2019/10/7,9.205947823
Guangzhou,2019/10/8,10.12740955
Guangzhou,2019/10/9,9.652799342
Guangzhou,2019/10/10,9.491765805
Guangzhou,2019/10/11,9.419504827
Guangzhou,2019/10/12,10.42402059
Guangzhou,2019/10/13,9.999349432
Guangzhou,2019/10/14,10.15276294
Guangzhou,2019/10/15,10.24496969
Guangzhou,2019/10/16,10.00884745
Guangzhou,2019/10/17,10.01587209
Guangzhou,2019/10/18,10.46848646
Guangzhou,2019/10/19,10.53743264
Guangzhou,2019/10/20,10.45797449
Guangzhou,2019/10/21,10.19164731